--
-- PostgreSQL database dump
--

-- Dumped from database version 9.5.9
-- Dumped by pg_dump version 9.5.9

SET statement_timeout = 0;
SET lock_timeout = 0;
SET client_encoding = 'UTF8';
SET standard_conforming_strings = on;
SET check_function_bodies = false;
SET client_min_messages = warning;
SET row_security = off;

--
-- Name: plpgsql; Type: EXTENSION; Schema: -; Owner: 
--

CREATE EXTENSION IF NOT EXISTS plpgsql WITH SCHEMA pg_catalog;


--
-- Name: EXTENSION plpgsql; Type: COMMENT; Schema: -; Owner: 
--

COMMENT ON EXTENSION plpgsql IS 'PL/pgSQL procedural language';


SET search_path = public, pg_catalog;

SET default_tablespace = '';

SET default_with_oids = false;

--
-- Name: status; Type: TABLE; Schema: public; Owner: jk
--

CREATE TABLE status (
    id integer NOT NULL,
    name character varying(150) NOT NULL
);


ALTER TABLE status OWNER TO jk;

--
-- Name: status_id_seq; Type: SEQUENCE; Schema: public; Owner: jk
--

CREATE SEQUENCE status_id_seq
    START WITH 1
    INCREMENT BY 1
    NO MINVALUE
    NO MAXVALUE
    CACHE 1;


ALTER TABLE status_id_seq OWNER TO jk;

--
-- Name: status_id_seq; Type: SEQUENCE OWNED BY; Schema: public; Owner: jk
--

ALTER SEQUENCE status_id_seq OWNED BY status.id;


--
-- Name: task; Type: TABLE; Schema: public; Owner: jk
--

CREATE TABLE task (
    id integer NOT NULL,
    status_id integer,
    director_id integer,
    name character varying NOT NULL,
    description text DEFAULT ''::text,
    start date NOT NULL,
    "end" date NOT NULL,
    important integer DEFAULT 1 NOT NULL
);


ALTER TABLE task OWNER TO jk;

--
-- Name: task_id_seq; Type: SEQUENCE; Schema: public; Owner: jk
--

CREATE SEQUENCE task_id_seq
    START WITH 1
    INCREMENT BY 1
    NO MINVALUE
    NO MAXVALUE
    CACHE 1;


ALTER TABLE task_id_seq OWNER TO jk;

--
-- Name: task_id_seq; Type: SEQUENCE OWNED BY; Schema: public; Owner: jk
--

ALTER SEQUENCE task_id_seq OWNED BY task.id;


--
-- Name: user; Type: TABLE; Schema: public; Owner: jk
--

CREATE TABLE "user" (
    id integer NOT NULL,
    firstname character varying(150) DEFAULT ''::character varying,
    middlename character varying(150) DEFAULT ''::character varying,
    lastname character varying(150) DEFAULT ''::character varying
);


ALTER TABLE "user" OWNER TO jk;

--
-- Name: user_id_seq; Type: SEQUENCE; Schema: public; Owner: jk
--

CREATE SEQUENCE user_id_seq
    START WITH 1
    INCREMENT BY 1
    NO MINVALUE
    NO MAXVALUE
    CACHE 1;


ALTER TABLE user_id_seq OWNER TO jk;

--
-- Name: user_id_seq; Type: SEQUENCE OWNED BY; Schema: public; Owner: jk
--

ALTER SEQUENCE user_id_seq OWNED BY "user".id;


--
-- Name: user_task; Type: TABLE; Schema: public; Owner: jk
--

CREATE TABLE user_task (
    user_id integer,
    task_id integer
);


ALTER TABLE user_task OWNER TO jk;

--
-- Name: id; Type: DEFAULT; Schema: public; Owner: jk
--

ALTER TABLE ONLY status ALTER COLUMN id SET DEFAULT nextval('status_id_seq'::regclass);


--
-- Name: id; Type: DEFAULT; Schema: public; Owner: jk
--

ALTER TABLE ONLY task ALTER COLUMN id SET DEFAULT nextval('task_id_seq'::regclass);


--
-- Name: id; Type: DEFAULT; Schema: public; Owner: jk
--

ALTER TABLE ONLY "user" ALTER COLUMN id SET DEFAULT nextval('user_id_seq'::regclass);


--
-- Data for Name: status; Type: TABLE DATA; Schema: public; Owner: jk
--

COPY status (id, name) FROM stdin;
1	completed
2	uncompleted
\.


--
-- Name: status_id_seq; Type: SEQUENCE SET; Schema: public; Owner: jk
--

SELECT pg_catalog.setval('status_id_seq', 4, true);


--
-- Data for Name: task; Type: TABLE DATA; Schema: public; Owner: jk
--

COPY task (id, status_id, director_id, name, description, start, "end", important) FROM stdin;
1	2	524	taskname_1	1descr1ption	2017-01-02	2017-01-11	5
2	1	293	taskname_2	2descr2ption	2017-01-03	2017-01-12	1
3	2	545	taskname_3	3descr3ption	2017-01-04	2017-01-13	4
4	1	902	taskname_4	4descr4ption	2017-01-05	2017-01-14	4
5	2	464	taskname_5	5descr5ption	2017-01-06	2017-01-15	5
6	2	604	taskname_6	6descr6ption	2017-01-07	2017-01-16	4
7	1	588	taskname_7	7descr7ption	2017-01-08	2017-01-17	1
8	2	519	taskname_8	8descr8ption	2017-01-09	2017-01-18	5
9	2	79	taskname_9	9descr9ption	2017-01-10	2017-01-19	4
10	1	569	taskname_10	10descr10ption	2017-01-11	2017-01-20	4
11	2	406	taskname_11	11descr11ption	2017-01-12	2017-01-21	4
12	2	418	taskname_12	12descr12ption	2017-01-13	2017-01-22	2
13	1	207	taskname_13	13descr13ption	2017-01-14	2017-01-23	5
14	1	859	taskname_14	14descr14ption	2017-01-15	2017-01-24	5
15	2	742	taskname_15	15descr15ption	2017-01-16	2017-01-25	5
16	1	536	taskname_16	16descr16ption	2017-01-17	2017-01-26	5
17	2	597	taskname_17	17descr17ption	2017-01-18	2017-01-27	4
18	1	506	taskname_18	18descr18ption	2017-01-19	2017-01-28	1
19	2	145	taskname_19	19descr19ption	2017-01-20	2017-01-29	4
20	1	792	taskname_20	20descr20ption	2017-01-21	2017-01-30	3
21	2	562	taskname_21	21descr21ption	2017-01-22	2017-01-31	3
22	2	945	taskname_22	22descr22ption	2017-01-23	2017-02-01	1
23	1	770	taskname_23	23descr23ption	2017-01-24	2017-02-02	5
24	1	590	taskname_24	24descr24ption	2017-01-25	2017-02-03	2
25	2	496	taskname_25	25descr25ption	2017-01-26	2017-02-04	4
26	1	378	taskname_26	26descr26ption	2017-01-27	2017-02-05	2
27	2	30	taskname_27	27descr27ption	2017-01-28	2017-02-06	4
28	1	139	taskname_28	28descr28ption	2017-01-29	2017-02-07	4
29	2	898	taskname_29	29descr29ption	2017-01-30	2017-02-08	1
30	1	390	taskname_30	30descr30ption	2017-01-31	2017-02-09	4
31	2	917	taskname_31	31descr31ption	2017-02-01	2017-02-10	5
32	2	3	taskname_32	32descr32ption	2017-02-02	2017-02-11	2
33	2	940	taskname_33	33descr33ption	2017-02-03	2017-02-12	2
34	1	274	taskname_34	34descr34ption	2017-02-04	2017-02-13	3
35	2	903	taskname_35	35descr35ption	2017-02-05	2017-02-14	3
36	1	293	taskname_36	36descr36ption	2017-02-06	2017-02-15	1
37	1	46	taskname_37	37descr37ption	2017-02-07	2017-02-16	3
38	1	751	taskname_38	38descr38ption	2017-02-08	2017-02-17	2
39	1	924	taskname_39	39descr39ption	2017-02-09	2017-02-18	4
40	2	646	taskname_40	40descr40ption	2017-02-10	2017-02-19	2
41	1	485	taskname_41	41descr41ption	2017-02-11	2017-02-20	3
42	1	845	taskname_42	42descr42ption	2017-02-12	2017-02-21	3
43	1	144	taskname_43	43descr43ption	2017-02-13	2017-02-22	2
44	2	590	taskname_44	44descr44ption	2017-02-14	2017-02-23	5
45	2	40	taskname_45	45descr45ption	2017-02-15	2017-02-24	1
46	2	237	taskname_46	46descr46ption	2017-02-16	2017-02-25	4
47	2	715	taskname_47	47descr47ption	2017-02-17	2017-02-26	5
48	2	73	taskname_48	48descr48ption	2017-02-18	2017-02-27	5
49	2	813	taskname_49	49descr49ption	2017-02-19	2017-02-28	1
50	1	83	taskname_50	50descr50ption	2017-02-20	2017-03-01	2
51	2	672	taskname_51	51descr51ption	2017-02-21	2017-03-02	4
52	2	143	taskname_52	52descr52ption	2017-02-22	2017-03-03	1
53	2	440	taskname_53	53descr53ption	2017-02-23	2017-03-04	4
54	1	332	taskname_54	54descr54ption	2017-02-24	2017-03-05	5
55	1	410	taskname_55	55descr55ption	2017-02-25	2017-03-06	4
56	2	169	taskname_56	56descr56ption	2017-02-26	2017-03-07	1
57	1	986	taskname_57	57descr57ption	2017-02-27	2017-03-08	1
58	1	890	taskname_58	58descr58ption	2017-02-28	2017-03-09	5
59	1	20	taskname_59	59descr59ption	2017-03-01	2017-03-10	3
60	1	272	taskname_60	60descr60ption	2017-03-02	2017-03-11	1
61	2	37	taskname_61	61descr61ption	2017-03-03	2017-03-12	2
62	1	231	taskname_62	62descr62ption	2017-03-04	2017-03-13	1
63	1	855	taskname_63	63descr63ption	2017-03-05	2017-03-14	3
64	2	852	taskname_64	64descr64ption	2017-03-06	2017-03-15	2
65	1	492	taskname_65	65descr65ption	2017-03-07	2017-03-16	3
66	1	679	taskname_66	66descr66ption	2017-03-08	2017-03-17	4
67	1	706	taskname_67	67descr67ption	2017-03-09	2017-03-18	2
68	1	618	taskname_68	68descr68ption	2017-03-10	2017-03-19	3
69	1	166	taskname_69	69descr69ption	2017-03-11	2017-03-20	5
70	2	273	taskname_70	70descr70ption	2017-03-12	2017-03-21	1
71	2	586	taskname_71	71descr71ption	2017-03-13	2017-03-22	2
72	2	588	taskname_72	72descr72ption	2017-03-14	2017-03-23	1
73	2	124	taskname_73	73descr73ption	2017-03-15	2017-03-24	2
74	2	337	taskname_74	74descr74ption	2017-03-16	2017-03-25	4
75	1	817	taskname_75	75descr75ption	2017-03-17	2017-03-26	3
76	2	602	taskname_76	76descr76ption	2017-03-18	2017-03-27	4
77	1	930	taskname_77	77descr77ption	2017-03-19	2017-03-28	1
78	1	515	taskname_78	78descr78ption	2017-03-20	2017-03-29	3
79	1	430	taskname_79	79descr79ption	2017-03-21	2017-03-30	4
80	1	487	taskname_80	80descr80ption	2017-03-22	2017-03-31	1
81	1	767	taskname_81	81descr81ption	2017-03-23	2017-04-01	3
82	2	944	taskname_82	82descr82ption	2017-03-24	2017-04-02	1
83	2	158	taskname_83	83descr83ption	2017-03-25	2017-04-03	5
84	1	849	taskname_84	84descr84ption	2017-03-26	2017-04-04	4
85	2	348	taskname_85	85descr85ption	2017-03-27	2017-04-05	1
86	2	65	taskname_86	86descr86ption	2017-03-28	2017-04-06	1
87	1	168	taskname_87	87descr87ption	2017-03-29	2017-04-07	5
88	2	643	taskname_88	88descr88ption	2017-03-30	2017-04-08	2
89	1	379	taskname_89	89descr89ption	2017-03-31	2017-04-09	2
90	2	395	taskname_90	90descr90ption	2017-04-01	2017-04-10	3
91	2	962	taskname_91	91descr91ption	2017-04-02	2017-04-11	5
92	2	118	taskname_92	92descr92ption	2017-04-03	2017-04-12	5
93	2	93	taskname_93	93descr93ption	2017-04-04	2017-04-13	4
94	2	741	taskname_94	94descr94ption	2017-04-05	2017-04-14	2
95	2	914	taskname_95	95descr95ption	2017-04-06	2017-04-15	3
96	2	103	taskname_96	96descr96ption	2017-04-07	2017-04-16	2
97	1	986	taskname_97	97descr97ption	2017-04-08	2017-04-17	5
98	2	270	taskname_98	98descr98ption	2017-04-09	2017-04-18	2
99	1	572	taskname_99	99descr99ption	2017-04-10	2017-04-19	2
100	2	57	taskname_100	100descr100ption	2017-04-11	2017-04-20	4
101	2	999	taskname_101	101descr101ption	2017-04-12	2017-04-21	3
102	2	982	taskname_102	102descr102ption	2017-04-13	2017-04-22	1
103	2	594	taskname_103	103descr103ption	2017-04-14	2017-04-23	4
104	1	960	taskname_104	104descr104ption	2017-04-15	2017-04-24	3
105	1	414	taskname_105	105descr105ption	2017-04-16	2017-04-25	1
106	2	773	taskname_106	106descr106ption	2017-04-17	2017-04-26	5
107	1	640	taskname_107	107descr107ption	2017-04-18	2017-04-27	5
108	2	943	taskname_108	108descr108ption	2017-04-19	2017-04-28	1
109	1	199	taskname_109	109descr109ption	2017-04-20	2017-04-29	5
110	1	835	taskname_110	110descr110ption	2017-04-21	2017-04-30	1
111	1	339	taskname_111	111descr111ption	2017-04-22	2017-05-01	4
112	1	476	taskname_112	112descr112ption	2017-04-23	2017-05-02	2
113	2	192	taskname_113	113descr113ption	2017-04-24	2017-05-03	5
114	2	642	taskname_114	114descr114ption	2017-04-25	2017-05-04	4
115	1	676	taskname_115	115descr115ption	2017-04-26	2017-05-05	1
116	1	640	taskname_116	116descr116ption	2017-04-27	2017-05-06	3
117	2	601	taskname_117	117descr117ption	2017-04-28	2017-05-07	1
118	2	724	taskname_118	118descr118ption	2017-04-29	2017-05-08	3
119	2	654	taskname_119	119descr119ption	2017-04-30	2017-05-09	2
120	2	769	taskname_120	120descr120ption	2017-05-01	2017-05-10	4
121	1	464	taskname_121	121descr121ption	2017-05-02	2017-05-11	1
122	2	699	taskname_122	122descr122ption	2017-05-03	2017-05-12	3
123	2	594	taskname_123	123descr123ption	2017-05-04	2017-05-13	4
124	1	240	taskname_124	124descr124ption	2017-05-05	2017-05-14	4
125	1	379	taskname_125	125descr125ption	2017-05-06	2017-05-15	4
126	2	923	taskname_126	126descr126ption	2017-05-07	2017-05-16	1
127	1	974	taskname_127	127descr127ption	2017-05-08	2017-05-17	1
128	1	519	taskname_128	128descr128ption	2017-05-09	2017-05-18	5
129	2	828	taskname_129	129descr129ption	2017-05-10	2017-05-19	3
130	1	472	taskname_130	130descr130ption	2017-05-11	2017-05-20	3
131	2	507	taskname_131	131descr131ption	2017-05-12	2017-05-21	1
132	2	932	taskname_132	132descr132ption	2017-05-13	2017-05-22	2
133	1	728	taskname_133	133descr133ption	2017-05-14	2017-05-23	4
134	1	489	taskname_134	134descr134ption	2017-05-15	2017-05-24	3
135	2	174	taskname_135	135descr135ption	2017-05-16	2017-05-25	5
136	2	196	taskname_136	136descr136ption	2017-05-17	2017-05-26	5
137	2	329	taskname_137	137descr137ption	2017-05-18	2017-05-27	4
138	1	212	taskname_138	138descr138ption	2017-05-19	2017-05-28	5
139	1	787	taskname_139	139descr139ption	2017-05-20	2017-05-29	5
140	2	252	taskname_140	140descr140ption	2017-05-21	2017-05-30	3
141	1	443	taskname_141	141descr141ption	2017-05-22	2017-05-31	1
142	2	697	taskname_142	142descr142ption	2017-05-23	2017-06-01	5
143	2	490	taskname_143	143descr143ption	2017-05-24	2017-06-02	3
144	1	14	taskname_144	144descr144ption	2017-05-25	2017-06-03	4
145	1	910	taskname_145	145descr145ption	2017-05-26	2017-06-04	1
146	2	853	taskname_146	146descr146ption	2017-05-27	2017-06-05	5
147	2	483	taskname_147	147descr147ption	2017-05-28	2017-06-06	4
148	1	402	taskname_148	148descr148ption	2017-05-29	2017-06-07	2
149	2	331	taskname_149	149descr149ption	2017-05-30	2017-06-08	4
150	1	927	taskname_150	150descr150ption	2017-05-31	2017-06-09	4
151	2	957	taskname_151	151descr151ption	2017-06-01	2017-06-10	1
152	1	884	taskname_152	152descr152ption	2017-06-02	2017-06-11	2
153	2	409	taskname_153	153descr153ption	2017-06-03	2017-06-12	1
154	2	123	taskname_154	154descr154ption	2017-06-04	2017-06-13	5
155	2	268	taskname_155	155descr155ption	2017-06-05	2017-06-14	1
156	2	222	taskname_156	156descr156ption	2017-06-06	2017-06-15	2
157	1	906	taskname_157	157descr157ption	2017-06-07	2017-06-16	5
158	1	294	taskname_158	158descr158ption	2017-06-08	2017-06-17	4
159	2	906	taskname_159	159descr159ption	2017-06-09	2017-06-18	5
160	2	568	taskname_160	160descr160ption	2017-06-10	2017-06-19	4
161	2	751	taskname_161	161descr161ption	2017-06-11	2017-06-20	5
162	2	963	taskname_162	162descr162ption	2017-06-12	2017-06-21	3
163	2	133	taskname_163	163descr163ption	2017-06-13	2017-06-22	4
164	1	990	taskname_164	164descr164ption	2017-06-14	2017-06-23	3
165	1	20	taskname_165	165descr165ption	2017-06-15	2017-06-24	2
166	2	398	taskname_166	166descr166ption	2017-06-16	2017-06-25	5
167	1	320	taskname_167	167descr167ption	2017-06-17	2017-06-26	2
168	2	113	taskname_168	168descr168ption	2017-06-18	2017-06-27	3
169	2	989	taskname_169	169descr169ption	2017-06-19	2017-06-28	5
170	1	734	taskname_170	170descr170ption	2017-06-20	2017-06-29	3
171	2	600	taskname_171	171descr171ption	2017-06-21	2017-06-30	2
172	2	29	taskname_172	172descr172ption	2017-06-22	2017-07-01	5
173	1	718	taskname_173	173descr173ption	2017-06-23	2017-07-02	2
174	1	157	taskname_174	174descr174ption	2017-06-24	2017-07-03	2
175	1	358	taskname_175	175descr175ption	2017-06-25	2017-07-04	2
176	1	231	taskname_176	176descr176ption	2017-06-26	2017-07-05	3
177	2	628	taskname_177	177descr177ption	2017-06-27	2017-07-06	1
178	2	33	taskname_178	178descr178ption	2017-06-28	2017-07-07	3
179	2	845	taskname_179	179descr179ption	2017-06-29	2017-07-08	2
180	2	396	taskname_180	180descr180ption	2017-06-30	2017-07-09	5
181	1	613	taskname_181	181descr181ption	2017-07-01	2017-07-10	1
182	1	451	taskname_182	182descr182ption	2017-07-02	2017-07-11	1
183	2	795	taskname_183	183descr183ption	2017-07-03	2017-07-12	5
184	1	52	taskname_184	184descr184ption	2017-07-04	2017-07-13	1
185	1	345	taskname_185	185descr185ption	2017-07-05	2017-07-14	1
186	2	942	taskname_186	186descr186ption	2017-07-06	2017-07-15	1
187	1	66	taskname_187	187descr187ption	2017-07-07	2017-07-16	3
188	1	620	taskname_188	188descr188ption	2017-07-08	2017-07-17	2
189	1	898	taskname_189	189descr189ption	2017-07-09	2017-07-18	1
190	2	806	taskname_190	190descr190ption	2017-07-10	2017-07-19	1
191	1	911	taskname_191	191descr191ption	2017-07-11	2017-07-20	4
192	2	963	taskname_192	192descr192ption	2017-07-12	2017-07-21	5
193	1	925	taskname_193	193descr193ption	2017-07-13	2017-07-22	1
194	2	928	taskname_194	194descr194ption	2017-07-14	2017-07-23	1
195	2	962	taskname_195	195descr195ption	2017-07-15	2017-07-24	1
196	2	47	taskname_196	196descr196ption	2017-07-16	2017-07-25	3
197	2	581	taskname_197	197descr197ption	2017-07-17	2017-07-26	2
198	1	882	taskname_198	198descr198ption	2017-07-18	2017-07-27	4
199	1	62	taskname_199	199descr199ption	2017-07-19	2017-07-28	5
200	1	111	taskname_200	200descr200ption	2017-07-20	2017-07-29	1
201	1	761	taskname_201	201descr201ption	2017-07-21	2017-07-30	4
202	1	612	taskname_202	202descr202ption	2017-07-22	2017-07-31	5
203	2	692	taskname_203	203descr203ption	2017-07-23	2017-08-01	4
204	2	719	taskname_204	204descr204ption	2017-07-24	2017-08-02	1
205	2	849	taskname_205	205descr205ption	2017-07-25	2017-08-03	3
206	2	440	taskname_206	206descr206ption	2017-07-26	2017-08-04	2
207	1	723	taskname_207	207descr207ption	2017-07-27	2017-08-05	1
208	1	326	taskname_208	208descr208ption	2017-07-28	2017-08-06	1
209	1	280	taskname_209	209descr209ption	2017-07-29	2017-08-07	3
210	2	431	taskname_210	210descr210ption	2017-07-30	2017-08-08	5
211	1	173	taskname_211	211descr211ption	2017-07-31	2017-08-09	1
212	2	120	taskname_212	212descr212ption	2017-08-01	2017-08-10	1
213	2	722	taskname_213	213descr213ption	2017-08-02	2017-08-11	1
214	1	773	taskname_214	214descr214ption	2017-08-03	2017-08-12	1
215	1	323	taskname_215	215descr215ption	2017-08-04	2017-08-13	1
216	2	719	taskname_216	216descr216ption	2017-08-05	2017-08-14	5
217	1	900	taskname_217	217descr217ption	2017-08-06	2017-08-15	5
218	2	933	taskname_218	218descr218ption	2017-08-07	2017-08-16	2
219	2	437	taskname_219	219descr219ption	2017-08-08	2017-08-17	4
220	1	309	taskname_220	220descr220ption	2017-08-09	2017-08-18	1
221	2	354	taskname_221	221descr221ption	2017-08-10	2017-08-19	4
222	2	485	taskname_222	222descr222ption	2017-08-11	2017-08-20	5
223	1	663	taskname_223	223descr223ption	2017-08-12	2017-08-21	5
224	1	813	taskname_224	224descr224ption	2017-08-13	2017-08-22	3
225	1	861	taskname_225	225descr225ption	2017-08-14	2017-08-23	4
226	1	771	taskname_226	226descr226ption	2017-08-15	2017-08-24	5
227	1	588	taskname_227	227descr227ption	2017-08-16	2017-08-25	3
228	1	893	taskname_228	228descr228ption	2017-08-17	2017-08-26	5
229	1	567	taskname_229	229descr229ption	2017-08-18	2017-08-27	3
230	2	671	taskname_230	230descr230ption	2017-08-19	2017-08-28	3
231	1	316	taskname_231	231descr231ption	2017-08-20	2017-08-29	5
232	2	263	taskname_232	232descr232ption	2017-08-21	2017-08-30	3
233	1	122	taskname_233	233descr233ption	2017-08-22	2017-08-31	1
234	1	586	taskname_234	234descr234ption	2017-08-23	2017-09-01	3
235	2	372	taskname_235	235descr235ption	2017-08-24	2017-09-02	4
236	2	328	taskname_236	236descr236ption	2017-08-25	2017-09-03	1
237	1	895	taskname_237	237descr237ption	2017-08-26	2017-09-04	2
238	1	795	taskname_238	238descr238ption	2017-08-27	2017-09-05	2
239	2	353	taskname_239	239descr239ption	2017-08-28	2017-09-06	3
240	1	850	taskname_240	240descr240ption	2017-08-29	2017-09-07	5
241	2	715	taskname_241	241descr241ption	2017-08-30	2017-09-08	4
242	1	121	taskname_242	242descr242ption	2017-08-31	2017-09-09	4
243	1	188	taskname_243	243descr243ption	2017-09-01	2017-09-10	2
244	2	638	taskname_244	244descr244ption	2017-09-02	2017-09-11	4
245	1	243	taskname_245	245descr245ption	2017-09-03	2017-09-12	4
246	1	326	taskname_246	246descr246ption	2017-09-04	2017-09-13	4
247	1	605	taskname_247	247descr247ption	2017-09-05	2017-09-14	2
248	1	979	taskname_248	248descr248ption	2017-09-06	2017-09-15	4
249	1	382	taskname_249	249descr249ption	2017-09-07	2017-09-16	5
250	1	249	taskname_250	250descr250ption	2017-09-08	2017-09-17	4
251	1	888	taskname_251	251descr251ption	2017-09-09	2017-09-18	1
252	1	654	taskname_252	252descr252ption	2017-09-10	2017-09-19	5
253	1	31	taskname_253	253descr253ption	2017-09-11	2017-09-20	5
254	2	681	taskname_254	254descr254ption	2017-09-12	2017-09-21	5
255	1	417	taskname_255	255descr255ption	2017-09-13	2017-09-22	4
256	2	99	taskname_256	256descr256ption	2017-09-14	2017-09-23	4
257	1	498	taskname_257	257descr257ption	2017-09-15	2017-09-24	2
258	1	200	taskname_258	258descr258ption	2017-09-16	2017-09-25	3
259	2	98	taskname_259	259descr259ption	2017-09-17	2017-09-26	4
260	2	757	taskname_260	260descr260ption	2017-09-18	2017-09-27	1
261	2	850	taskname_261	261descr261ption	2017-09-19	2017-09-28	2
262	1	690	taskname_262	262descr262ption	2017-09-20	2017-09-29	3
263	1	541	taskname_263	263descr263ption	2017-09-21	2017-09-30	3
264	1	524	taskname_264	264descr264ption	2017-09-22	2017-10-01	5
265	1	224	taskname_265	265descr265ption	2017-09-23	2017-10-02	5
266	2	14	taskname_266	266descr266ption	2017-09-24	2017-10-03	1
267	1	219	taskname_267	267descr267ption	2017-09-25	2017-10-04	3
268	1	735	taskname_268	268descr268ption	2017-09-26	2017-10-05	4
269	1	357	taskname_269	269descr269ption	2017-09-27	2017-10-06	5
270	1	436	taskname_270	270descr270ption	2017-09-28	2017-10-07	2
271	2	822	taskname_271	271descr271ption	2017-09-29	2017-10-08	1
272	2	231	taskname_272	272descr272ption	2017-09-30	2017-10-09	4
273	1	781	taskname_273	273descr273ption	2017-10-01	2017-10-10	1
274	2	662	taskname_274	274descr274ption	2017-10-02	2017-10-11	2
275	2	512	taskname_275	275descr275ption	2017-10-03	2017-10-12	2
276	2	572	taskname_276	276descr276ption	2017-10-04	2017-10-13	4
277	1	170	taskname_277	277descr277ption	2017-10-05	2017-10-14	2
278	2	908	taskname_278	278descr278ption	2017-10-06	2017-10-15	2
279	1	767	taskname_279	279descr279ption	2017-10-07	2017-10-16	3
280	2	126	taskname_280	280descr280ption	2017-10-08	2017-10-17	5
281	1	235	taskname_281	281descr281ption	2017-10-09	2017-10-18	5
282	2	980	taskname_282	282descr282ption	2017-10-10	2017-10-19	5
283	1	16	taskname_283	283descr283ption	2017-10-11	2017-10-20	3
284	1	372	taskname_284	284descr284ption	2017-10-12	2017-10-21	3
285	2	729	taskname_285	285descr285ption	2017-10-13	2017-10-22	2
286	1	503	taskname_286	286descr286ption	2017-10-14	2017-10-23	1
287	1	793	taskname_287	287descr287ption	2017-10-15	2017-10-24	1
288	1	97	taskname_288	288descr288ption	2017-10-16	2017-10-25	1
289	1	612	taskname_289	289descr289ption	2017-10-17	2017-10-26	5
290	1	437	taskname_290	290descr290ption	2017-10-18	2017-10-27	2
291	2	328	taskname_291	291descr291ption	2017-10-19	2017-10-28	5
292	2	336	taskname_292	292descr292ption	2017-10-20	2017-10-29	3
293	2	412	taskname_293	293descr293ption	2017-10-21	2017-10-30	1
294	2	544	taskname_294	294descr294ption	2017-10-22	2017-10-31	1
295	2	520	taskname_295	295descr295ption	2017-10-23	2017-11-01	3
296	2	798	taskname_296	296descr296ption	2017-10-24	2017-11-02	1
297	2	321	taskname_297	297descr297ption	2017-10-25	2017-11-03	4
298	2	321	taskname_298	298descr298ption	2017-10-26	2017-11-04	3
299	2	29	taskname_299	299descr299ption	2017-10-27	2017-11-05	3
300	2	453	taskname_300	300descr300ption	2017-10-28	2017-11-06	3
301	2	946	taskname_301	301descr301ption	2017-10-29	2017-11-07	5
302	2	918	taskname_302	302descr302ption	2017-10-30	2017-11-08	3
303	2	594	taskname_303	303descr303ption	2017-10-31	2017-11-09	2
304	2	322	taskname_304	304descr304ption	2017-11-01	2017-11-10	3
305	2	966	taskname_305	305descr305ption	2017-11-02	2017-11-11	5
306	2	673	taskname_306	306descr306ption	2017-11-03	2017-11-12	3
307	2	950	taskname_307	307descr307ption	2017-11-04	2017-11-13	2
308	2	426	taskname_308	308descr308ption	2017-11-05	2017-11-14	1
309	2	45	taskname_309	309descr309ption	2017-11-06	2017-11-15	2
310	2	788	taskname_310	310descr310ption	2017-11-07	2017-11-16	5
311	2	68	taskname_311	311descr311ption	2017-11-08	2017-11-17	3
312	2	230	taskname_312	312descr312ption	2017-11-09	2017-11-18	3
313	2	112	taskname_313	313descr313ption	2017-11-10	2017-11-19	2
314	2	823	taskname_314	314descr314ption	2017-11-11	2017-11-20	3
315	2	98	taskname_315	315descr315ption	2017-11-12	2017-11-21	1
316	2	961	taskname_316	316descr316ption	2017-11-13	2017-11-22	2
317	2	869	taskname_317	317descr317ption	2017-11-14	2017-11-23	1
318	2	294	taskname_318	318descr318ption	2017-11-15	2017-11-24	5
319	2	407	taskname_319	319descr319ption	2017-11-16	2017-11-25	3
320	2	270	taskname_320	320descr320ption	2017-11-17	2017-11-26	4
321	2	134	taskname_321	321descr321ption	2017-11-18	2017-11-27	2
322	2	665	taskname_322	322descr322ption	2017-11-19	2017-11-28	5
323	2	950	taskname_323	323descr323ption	2017-11-20	2017-11-29	1
324	2	445	taskname_324	324descr324ption	2017-11-21	2017-11-30	1
325	2	60	taskname_325	325descr325ption	2017-11-22	2017-12-01	5
326	2	560	taskname_326	326descr326ption	2017-11-23	2017-12-02	2
327	2	817	taskname_327	327descr327ption	2017-11-24	2017-12-03	1
328	2	516	taskname_328	328descr328ption	2017-11-25	2017-12-04	4
329	2	338	taskname_329	329descr329ption	2017-11-26	2017-12-05	5
330	2	68	taskname_330	330descr330ption	2017-11-27	2017-12-06	2
331	2	613	taskname_331	331descr331ption	2017-11-28	2017-12-07	3
332	2	479	taskname_332	332descr332ption	2017-11-29	2017-12-08	1
333	2	906	taskname_333	333descr333ption	2017-11-30	2017-12-09	3
334	2	943	taskname_334	334descr334ption	2017-12-01	2017-12-10	4
335	2	387	taskname_335	335descr335ption	2017-12-02	2017-12-11	2
336	2	684	taskname_336	336descr336ption	2017-12-03	2017-12-12	2
337	2	154	taskname_337	337descr337ption	2017-12-04	2017-12-13	3
338	2	604	taskname_338	338descr338ption	2017-12-05	2017-12-14	2
339	2	440	taskname_339	339descr339ption	2017-12-06	2017-12-15	1
340	2	98	taskname_340	340descr340ption	2017-12-07	2017-12-16	1
341	2	280	taskname_341	341descr341ption	2017-12-08	2017-12-17	3
342	2	627	taskname_342	342descr342ption	2017-12-09	2017-12-18	4
343	2	446	taskname_343	343descr343ption	2017-12-10	2017-12-19	1
344	2	24	taskname_344	344descr344ption	2017-12-11	2017-12-20	1
345	2	480	taskname_345	345descr345ption	2017-12-12	2017-12-21	4
346	2	220	taskname_346	346descr346ption	2017-12-13	2017-12-22	1
347	2	119	taskname_347	347descr347ption	2017-12-14	2017-12-23	1
348	2	572	taskname_348	348descr348ption	2017-12-15	2017-12-24	4
349	2	470	taskname_349	349descr349ption	2017-12-16	2017-12-25	1
350	2	336	taskname_350	350descr350ption	2017-12-17	2017-12-26	3
351	2	726	taskname_351	351descr351ption	2017-12-18	2017-12-27	5
352	2	377	taskname_352	352descr352ption	2017-12-19	2017-12-28	1
353	2	368	taskname_353	353descr353ption	2017-12-20	2017-12-29	5
354	2	984	taskname_354	354descr354ption	2017-12-21	2017-12-30	5
355	2	28	taskname_355	355descr355ption	2017-12-22	2017-12-31	5
356	2	306	taskname_356	356descr356ption	2017-12-23	2018-01-01	1
357	2	739	taskname_357	357descr357ption	2017-12-24	2018-01-02	2
358	2	404	taskname_358	358descr358ption	2017-12-25	2018-01-03	5
359	2	73	taskname_359	359descr359ption	2017-12-26	2018-01-04	1
360	2	968	taskname_360	360descr360ption	2017-12-27	2018-01-05	3
361	2	519	taskname_361	361descr361ption	2017-12-28	2018-01-06	3
362	2	644	taskname_362	362descr362ption	2017-12-29	2018-01-07	1
363	2	885	taskname_363	363descr363ption	2017-12-30	2018-01-08	4
364	2	661	taskname_364	364descr364ption	2017-12-31	2018-01-09	2
365	2	729	taskname_365	365descr365ption	2018-01-01	2018-01-10	2
366	2	211	taskname_366	366descr366ption	2018-01-02	2018-01-11	5
367	2	15	taskname_367	367descr367ption	2018-01-03	2018-01-12	3
368	2	334	taskname_368	368descr368ption	2018-01-04	2018-01-13	3
369	2	569	taskname_369	369descr369ption	2018-01-05	2018-01-14	2
370	2	188	taskname_370	370descr370ption	2018-01-06	2018-01-15	2
371	2	398	taskname_371	371descr371ption	2018-01-07	2018-01-16	3
372	2	904	taskname_372	372descr372ption	2018-01-08	2018-01-17	3
373	2	425	taskname_373	373descr373ption	2018-01-09	2018-01-18	1
374	2	320	taskname_374	374descr374ption	2018-01-10	2018-01-19	2
375	2	735	taskname_375	375descr375ption	2018-01-11	2018-01-20	3
376	2	50	taskname_376	376descr376ption	2018-01-12	2018-01-21	2
377	2	474	taskname_377	377descr377ption	2018-01-13	2018-01-22	2
378	2	890	taskname_378	378descr378ption	2018-01-14	2018-01-23	4
379	2	907	taskname_379	379descr379ption	2018-01-15	2018-01-24	2
380	2	713	taskname_380	380descr380ption	2018-01-16	2018-01-25	3
381	2	546	taskname_381	381descr381ption	2018-01-17	2018-01-26	4
382	2	89	taskname_382	382descr382ption	2018-01-18	2018-01-27	5
383	2	512	taskname_383	383descr383ption	2018-01-19	2018-01-28	3
384	2	941	taskname_384	384descr384ption	2018-01-20	2018-01-29	3
385	2	739	taskname_385	385descr385ption	2018-01-21	2018-01-30	1
386	2	676	taskname_386	386descr386ption	2018-01-22	2018-01-31	1
387	2	622	taskname_387	387descr387ption	2018-01-23	2018-02-01	1
388	2	273	taskname_388	388descr388ption	2018-01-24	2018-02-02	3
389	2	886	taskname_389	389descr389ption	2018-01-25	2018-02-03	1
390	2	545	taskname_390	390descr390ption	2018-01-26	2018-02-04	3
391	2	880	taskname_391	391descr391ption	2018-01-27	2018-02-05	4
392	2	873	taskname_392	392descr392ption	2018-01-28	2018-02-06	3
393	2	287	taskname_393	393descr393ption	2018-01-29	2018-02-07	2
394	2	712	taskname_394	394descr394ption	2018-01-30	2018-02-08	4
395	2	312	taskname_395	395descr395ption	2018-01-31	2018-02-09	1
396	2	829	taskname_396	396descr396ption	2018-02-01	2018-02-10	3
397	2	348	taskname_397	397descr397ption	2018-02-02	2018-02-11	5
398	2	416	taskname_398	398descr398ption	2018-02-03	2018-02-12	5
399	2	340	taskname_399	399descr399ption	2018-02-04	2018-02-13	5
400	2	939	taskname_400	400descr400ption	2018-02-05	2018-02-14	2
401	2	486	taskname_401	401descr401ption	2018-02-06	2018-02-15	1
402	2	215	taskname_402	402descr402ption	2018-02-07	2018-02-16	4
403	2	193	taskname_403	403descr403ption	2018-02-08	2018-02-17	1
404	2	154	taskname_404	404descr404ption	2018-02-09	2018-02-18	3
405	2	80	taskname_405	405descr405ption	2018-02-10	2018-02-19	1
406	2	699	taskname_406	406descr406ption	2018-02-11	2018-02-20	4
407	2	292	taskname_407	407descr407ption	2018-02-12	2018-02-21	5
408	2	313	taskname_408	408descr408ption	2018-02-13	2018-02-22	3
409	2	333	taskname_409	409descr409ption	2018-02-14	2018-02-23	3
410	2	771	taskname_410	410descr410ption	2018-02-15	2018-02-24	1
411	2	450	taskname_411	411descr411ption	2018-02-16	2018-02-25	4
412	2	500	taskname_412	412descr412ption	2018-02-17	2018-02-26	3
413	2	517	taskname_413	413descr413ption	2018-02-18	2018-02-27	4
414	2	656	taskname_414	414descr414ption	2018-02-19	2018-02-28	5
415	2	272	taskname_415	415descr415ption	2018-02-20	2018-03-01	5
416	2	934	taskname_416	416descr416ption	2018-02-21	2018-03-02	3
417	2	208	taskname_417	417descr417ption	2018-02-22	2018-03-03	4
418	2	864	taskname_418	418descr418ption	2018-02-23	2018-03-04	1
419	2	636	taskname_419	419descr419ption	2018-02-24	2018-03-05	3
420	2	480	taskname_420	420descr420ption	2018-02-25	2018-03-06	1
421	2	715	taskname_421	421descr421ption	2018-02-26	2018-03-07	4
422	2	675	taskname_422	422descr422ption	2018-02-27	2018-03-08	1
423	2	750	taskname_423	423descr423ption	2018-02-28	2018-03-09	1
424	2	584	taskname_424	424descr424ption	2018-03-01	2018-03-10	5
425	2	13	taskname_425	425descr425ption	2018-03-02	2018-03-11	1
426	2	727	taskname_426	426descr426ption	2018-03-03	2018-03-12	2
427	2	954	taskname_427	427descr427ption	2018-03-04	2018-03-13	3
428	2	259	taskname_428	428descr428ption	2018-03-05	2018-03-14	2
429	2	142	taskname_429	429descr429ption	2018-03-06	2018-03-15	3
430	2	325	taskname_430	430descr430ption	2018-03-07	2018-03-16	5
431	2	508	taskname_431	431descr431ption	2018-03-08	2018-03-17	3
432	2	170	taskname_432	432descr432ption	2018-03-09	2018-03-18	2
433	2	407	taskname_433	433descr433ption	2018-03-10	2018-03-19	4
434	2	117	taskname_434	434descr434ption	2018-03-11	2018-03-20	1
435	2	51	taskname_435	435descr435ption	2018-03-12	2018-03-21	1
436	2	757	taskname_436	436descr436ption	2018-03-13	2018-03-22	3
437	2	775	taskname_437	437descr437ption	2018-03-14	2018-03-23	4
438	2	772	taskname_438	438descr438ption	2018-03-15	2018-03-24	3
439	2	418	taskname_439	439descr439ption	2018-03-16	2018-03-25	3
440	2	607	taskname_440	440descr440ption	2018-03-17	2018-03-26	2
441	2	710	taskname_441	441descr441ption	2018-03-18	2018-03-27	3
442	2	892	taskname_442	442descr442ption	2018-03-19	2018-03-28	2
443	2	559	taskname_443	443descr443ption	2018-03-20	2018-03-29	4
444	2	133	taskname_444	444descr444ption	2018-03-21	2018-03-30	1
445	2	64	taskname_445	445descr445ption	2018-03-22	2018-03-31	4
446	2	114	taskname_446	446descr446ption	2018-03-23	2018-04-01	3
447	2	716	taskname_447	447descr447ption	2018-03-24	2018-04-02	3
448	2	287	taskname_448	448descr448ption	2018-03-25	2018-04-03	2
449	2	317	taskname_449	449descr449ption	2018-03-26	2018-04-04	1
450	2	163	taskname_450	450descr450ption	2018-03-27	2018-04-05	3
451	2	999	taskname_451	451descr451ption	2018-03-28	2018-04-06	2
452	2	133	taskname_452	452descr452ption	2018-03-29	2018-04-07	5
453	2	350	taskname_453	453descr453ption	2018-03-30	2018-04-08	4
454	2	298	taskname_454	454descr454ption	2018-03-31	2018-04-09	5
455	2	259	taskname_455	455descr455ption	2018-04-01	2018-04-10	4
456	2	198	taskname_456	456descr456ption	2018-04-02	2018-04-11	5
457	2	237	taskname_457	457descr457ption	2018-04-03	2018-04-12	5
458	2	630	taskname_458	458descr458ption	2018-04-04	2018-04-13	1
459	2	238	taskname_459	459descr459ption	2018-04-05	2018-04-14	4
460	2	496	taskname_460	460descr460ption	2018-04-06	2018-04-15	4
461	2	220	taskname_461	461descr461ption	2018-04-07	2018-04-16	2
462	2	872	taskname_462	462descr462ption	2018-04-08	2018-04-17	4
463	2	893	taskname_463	463descr463ption	2018-04-09	2018-04-18	5
464	2	56	taskname_464	464descr464ption	2018-04-10	2018-04-19	1
465	2	562	taskname_465	465descr465ption	2018-04-11	2018-04-20	2
466	2	576	taskname_466	466descr466ption	2018-04-12	2018-04-21	2
467	2	138	taskname_467	467descr467ption	2018-04-13	2018-04-22	3
468	2	333	taskname_468	468descr468ption	2018-04-14	2018-04-23	4
469	2	612	taskname_469	469descr469ption	2018-04-15	2018-04-24	3
470	2	256	taskname_470	470descr470ption	2018-04-16	2018-04-25	4
471	2	535	taskname_471	471descr471ption	2018-04-17	2018-04-26	5
472	2	837	taskname_472	472descr472ption	2018-04-18	2018-04-27	3
473	2	542	taskname_473	473descr473ption	2018-04-19	2018-04-28	4
474	2	567	taskname_474	474descr474ption	2018-04-20	2018-04-29	3
475	2	229	taskname_475	475descr475ption	2018-04-21	2018-04-30	4
476	2	81	taskname_476	476descr476ption	2018-04-22	2018-05-01	1
477	2	672	taskname_477	477descr477ption	2018-04-23	2018-05-02	3
478	2	383	taskname_478	478descr478ption	2018-04-24	2018-05-03	5
479	2	111	taskname_479	479descr479ption	2018-04-25	2018-05-04	3
480	2	773	taskname_480	480descr480ption	2018-04-26	2018-05-05	3
481	2	657	taskname_481	481descr481ption	2018-04-27	2018-05-06	4
482	2	232	taskname_482	482descr482ption	2018-04-28	2018-05-07	2
483	2	57	taskname_483	483descr483ption	2018-04-29	2018-05-08	4
484	2	283	taskname_484	484descr484ption	2018-04-30	2018-05-09	3
485	2	195	taskname_485	485descr485ption	2018-05-01	2018-05-10	4
486	2	537	taskname_486	486descr486ption	2018-05-02	2018-05-11	3
487	2	991	taskname_487	487descr487ption	2018-05-03	2018-05-12	4
488	2	500	taskname_488	488descr488ption	2018-05-04	2018-05-13	2
489	2	840	taskname_489	489descr489ption	2018-05-05	2018-05-14	3
490	2	312	taskname_490	490descr490ption	2018-05-06	2018-05-15	1
491	2	128	taskname_491	491descr491ption	2018-05-07	2018-05-16	1
492	2	517	taskname_492	492descr492ption	2018-05-08	2018-05-17	2
493	2	345	taskname_493	493descr493ption	2018-05-09	2018-05-18	4
494	2	362	taskname_494	494descr494ption	2018-05-10	2018-05-19	5
495	2	338	taskname_495	495descr495ption	2018-05-11	2018-05-20	3
496	2	128	taskname_496	496descr496ption	2018-05-12	2018-05-21	1
497	2	483	taskname_497	497descr497ption	2018-05-13	2018-05-22	5
498	2	789	taskname_498	498descr498ption	2018-05-14	2018-05-23	2
499	2	924	taskname_499	499descr499ption	2018-05-15	2018-05-24	3
500	2	208	taskname_500	500descr500ption	2018-05-16	2018-05-25	1
501	2	610	taskname_501	501descr501ption	2018-05-17	2018-05-26	1
502	2	847	taskname_502	502descr502ption	2018-05-18	2018-05-27	4
503	2	118	taskname_503	503descr503ption	2018-05-19	2018-05-28	4
504	2	133	taskname_504	504descr504ption	2018-05-20	2018-05-29	2
505	2	412	taskname_505	505descr505ption	2018-05-21	2018-05-30	5
506	2	26	taskname_506	506descr506ption	2018-05-22	2018-05-31	3
507	2	836	taskname_507	507descr507ption	2018-05-23	2018-06-01	3
508	2	337	taskname_508	508descr508ption	2018-05-24	2018-06-02	3
509	2	441	taskname_509	509descr509ption	2018-05-25	2018-06-03	1
510	2	636	taskname_510	510descr510ption	2018-05-26	2018-06-04	4
511	2	833	taskname_511	511descr511ption	2018-05-27	2018-06-05	4
512	2	773	taskname_512	512descr512ption	2018-05-28	2018-06-06	4
513	2	122	taskname_513	513descr513ption	2018-05-29	2018-06-07	2
514	2	855	taskname_514	514descr514ption	2018-05-30	2018-06-08	3
515	2	633	taskname_515	515descr515ption	2018-05-31	2018-06-09	1
516	2	163	taskname_516	516descr516ption	2018-06-01	2018-06-10	1
517	2	806	taskname_517	517descr517ption	2018-06-02	2018-06-11	2
518	2	843	taskname_518	518descr518ption	2018-06-03	2018-06-12	1
519	2	356	taskname_519	519descr519ption	2018-06-04	2018-06-13	5
520	2	881	taskname_520	520descr520ption	2018-06-05	2018-06-14	5
521	2	419	taskname_521	521descr521ption	2018-06-06	2018-06-15	4
522	2	306	taskname_522	522descr522ption	2018-06-07	2018-06-16	5
523	2	448	taskname_523	523descr523ption	2018-06-08	2018-06-17	2
524	2	435	taskname_524	524descr524ption	2018-06-09	2018-06-18	4
525	2	341	taskname_525	525descr525ption	2018-06-10	2018-06-19	5
526	2	667	taskname_526	526descr526ption	2018-06-11	2018-06-20	1
527	2	833	taskname_527	527descr527ption	2018-06-12	2018-06-21	1
528	2	489	taskname_528	528descr528ption	2018-06-13	2018-06-22	3
529	2	1	taskname_529	529descr529ption	2018-06-14	2018-06-23	5
530	2	1000	taskname_530	530descr530ption	2018-06-15	2018-06-24	2
531	2	406	taskname_531	531descr531ption	2018-06-16	2018-06-25	4
532	2	875	taskname_532	532descr532ption	2018-06-17	2018-06-26	1
533	2	172	taskname_533	533descr533ption	2018-06-18	2018-06-27	2
534	2	135	taskname_534	534descr534ption	2018-06-19	2018-06-28	4
535	2	691	taskname_535	535descr535ption	2018-06-20	2018-06-29	3
536	2	294	taskname_536	536descr536ption	2018-06-21	2018-06-30	1
537	2	921	taskname_537	537descr537ption	2018-06-22	2018-07-01	1
538	2	364	taskname_538	538descr538ption	2018-06-23	2018-07-02	3
539	2	241	taskname_539	539descr539ption	2018-06-24	2018-07-03	2
540	2	257	taskname_540	540descr540ption	2018-06-25	2018-07-04	4
541	2	868	taskname_541	541descr541ption	2018-06-26	2018-07-05	3
542	2	754	taskname_542	542descr542ption	2018-06-27	2018-07-06	5
543	2	363	taskname_543	543descr543ption	2018-06-28	2018-07-07	4
544	2	656	taskname_544	544descr544ption	2018-06-29	2018-07-08	2
545	2	586	taskname_545	545descr545ption	2018-06-30	2018-07-09	2
546	2	996	taskname_546	546descr546ption	2018-07-01	2018-07-10	4
547	2	818	taskname_547	547descr547ption	2018-07-02	2018-07-11	5
548	2	202	taskname_548	548descr548ption	2018-07-03	2018-07-12	5
549	2	587	taskname_549	549descr549ption	2018-07-04	2018-07-13	5
550	2	517	taskname_550	550descr550ption	2018-07-05	2018-07-14	2
551	2	350	taskname_551	551descr551ption	2018-07-06	2018-07-15	2
552	2	387	taskname_552	552descr552ption	2018-07-07	2018-07-16	5
553	2	410	taskname_553	553descr553ption	2018-07-08	2018-07-17	2
554	2	638	taskname_554	554descr554ption	2018-07-09	2018-07-18	4
555	2	548	taskname_555	555descr555ption	2018-07-10	2018-07-19	4
556	2	231	taskname_556	556descr556ption	2018-07-11	2018-07-20	5
557	2	819	taskname_557	557descr557ption	2018-07-12	2018-07-21	3
558	2	116	taskname_558	558descr558ption	2018-07-13	2018-07-22	5
559	2	227	taskname_559	559descr559ption	2018-07-14	2018-07-23	1
560	2	545	taskname_560	560descr560ption	2018-07-15	2018-07-24	4
561	2	426	taskname_561	561descr561ption	2018-07-16	2018-07-25	5
562	2	803	taskname_562	562descr562ption	2018-07-17	2018-07-26	3
563	2	411	taskname_563	563descr563ption	2018-07-18	2018-07-27	2
564	2	232	taskname_564	564descr564ption	2018-07-19	2018-07-28	1
565	2	340	taskname_565	565descr565ption	2018-07-20	2018-07-29	5
566	2	275	taskname_566	566descr566ption	2018-07-21	2018-07-30	4
567	2	558	taskname_567	567descr567ption	2018-07-22	2018-07-31	4
568	2	960	taskname_568	568descr568ption	2018-07-23	2018-08-01	4
569	2	412	taskname_569	569descr569ption	2018-07-24	2018-08-02	5
570	2	617	taskname_570	570descr570ption	2018-07-25	2018-08-03	3
571	2	493	taskname_571	571descr571ption	2018-07-26	2018-08-04	5
572	2	374	taskname_572	572descr572ption	2018-07-27	2018-08-05	5
573	2	832	taskname_573	573descr573ption	2018-07-28	2018-08-06	2
574	2	493	taskname_574	574descr574ption	2018-07-29	2018-08-07	3
575	2	261	taskname_575	575descr575ption	2018-07-30	2018-08-08	1
576	2	870	taskname_576	576descr576ption	2018-07-31	2018-08-09	1
577	2	578	taskname_577	577descr577ption	2018-08-01	2018-08-10	4
578	2	929	taskname_578	578descr578ption	2018-08-02	2018-08-11	4
579	2	676	taskname_579	579descr579ption	2018-08-03	2018-08-12	5
580	2	985	taskname_580	580descr580ption	2018-08-04	2018-08-13	1
581	2	908	taskname_581	581descr581ption	2018-08-05	2018-08-14	1
582	2	705	taskname_582	582descr582ption	2018-08-06	2018-08-15	2
583	2	922	taskname_583	583descr583ption	2018-08-07	2018-08-16	3
584	2	433	taskname_584	584descr584ption	2018-08-08	2018-08-17	4
585	2	262	taskname_585	585descr585ption	2018-08-09	2018-08-18	2
586	2	292	taskname_586	586descr586ption	2018-08-10	2018-08-19	1
587	2	897	taskname_587	587descr587ption	2018-08-11	2018-08-20	4
588	2	65	taskname_588	588descr588ption	2018-08-12	2018-08-21	4
589	2	156	taskname_589	589descr589ption	2018-08-13	2018-08-22	4
590	2	786	taskname_590	590descr590ption	2018-08-14	2018-08-23	3
591	2	594	taskname_591	591descr591ption	2018-08-15	2018-08-24	3
592	2	101	taskname_592	592descr592ption	2018-08-16	2018-08-25	4
593	2	327	taskname_593	593descr593ption	2018-08-17	2018-08-26	1
594	2	158	taskname_594	594descr594ption	2018-08-18	2018-08-27	1
595	2	190	taskname_595	595descr595ption	2018-08-19	2018-08-28	1
596	2	18	taskname_596	596descr596ption	2018-08-20	2018-08-29	1
597	2	403	taskname_597	597descr597ption	2018-08-21	2018-08-30	1
598	2	563	taskname_598	598descr598ption	2018-08-22	2018-08-31	4
599	2	388	taskname_599	599descr599ption	2018-08-23	2018-09-01	2
600	2	657	taskname_600	600descr600ption	2018-08-24	2018-09-02	5
601	2	45	taskname_601	601descr601ption	2018-08-25	2018-09-03	4
602	2	403	taskname_602	602descr602ption	2018-08-26	2018-09-04	5
603	2	614	taskname_603	603descr603ption	2018-08-27	2018-09-05	5
604	2	669	taskname_604	604descr604ption	2018-08-28	2018-09-06	3
605	2	24	taskname_605	605descr605ption	2018-08-29	2018-09-07	4
606	2	185	taskname_606	606descr606ption	2018-08-30	2018-09-08	3
607	2	108	taskname_607	607descr607ption	2018-08-31	2018-09-09	4
608	2	788	taskname_608	608descr608ption	2018-09-01	2018-09-10	2
609	2	315	taskname_609	609descr609ption	2018-09-02	2018-09-11	3
610	2	437	taskname_610	610descr610ption	2018-09-03	2018-09-12	5
611	2	88	taskname_611	611descr611ption	2018-09-04	2018-09-13	3
612	2	600	taskname_612	612descr612ption	2018-09-05	2018-09-14	3
613	2	177	taskname_613	613descr613ption	2018-09-06	2018-09-15	3
614	2	814	taskname_614	614descr614ption	2018-09-07	2018-09-16	1
615	2	158	taskname_615	615descr615ption	2018-09-08	2018-09-17	3
616	2	213	taskname_616	616descr616ption	2018-09-09	2018-09-18	3
617	2	419	taskname_617	617descr617ption	2018-09-10	2018-09-19	2
618	2	142	taskname_618	618descr618ption	2018-09-11	2018-09-20	4
619	2	83	taskname_619	619descr619ption	2018-09-12	2018-09-21	1
620	2	802	taskname_620	620descr620ption	2018-09-13	2018-09-22	5
621	2	264	taskname_621	621descr621ption	2018-09-14	2018-09-23	1
622	2	723	taskname_622	622descr622ption	2018-09-15	2018-09-24	5
623	2	271	taskname_623	623descr623ption	2018-09-16	2018-09-25	2
624	2	806	taskname_624	624descr624ption	2018-09-17	2018-09-26	3
625	2	455	taskname_625	625descr625ption	2018-09-18	2018-09-27	3
626	2	89	taskname_626	626descr626ption	2018-09-19	2018-09-28	2
627	2	697	taskname_627	627descr627ption	2018-09-20	2018-09-29	3
628	2	33	taskname_628	628descr628ption	2018-09-21	2018-09-30	4
629	2	851	taskname_629	629descr629ption	2018-09-22	2018-10-01	5
630	2	438	taskname_630	630descr630ption	2018-09-23	2018-10-02	5
631	2	317	taskname_631	631descr631ption	2018-09-24	2018-10-03	1
632	2	210	taskname_632	632descr632ption	2018-09-25	2018-10-04	4
633	2	266	taskname_633	633descr633ption	2018-09-26	2018-10-05	4
634	2	769	taskname_634	634descr634ption	2018-09-27	2018-10-06	2
635	2	162	taskname_635	635descr635ption	2018-09-28	2018-10-07	2
636	2	454	taskname_636	636descr636ption	2018-09-29	2018-10-08	3
637	2	556	taskname_637	637descr637ption	2018-09-30	2018-10-09	3
638	2	796	taskname_638	638descr638ption	2018-10-01	2018-10-10	1
639	2	686	taskname_639	639descr639ption	2018-10-02	2018-10-11	5
640	2	412	taskname_640	640descr640ption	2018-10-03	2018-10-12	4
641	2	844	taskname_641	641descr641ption	2018-10-04	2018-10-13	1
642	2	683	taskname_642	642descr642ption	2018-10-05	2018-10-14	3
643	2	188	taskname_643	643descr643ption	2018-10-06	2018-10-15	3
644	2	414	taskname_644	644descr644ption	2018-10-07	2018-10-16	4
645	2	562	taskname_645	645descr645ption	2018-10-08	2018-10-17	1
646	2	47	taskname_646	646descr646ption	2018-10-09	2018-10-18	5
647	2	502	taskname_647	647descr647ption	2018-10-10	2018-10-19	5
648	2	614	taskname_648	648descr648ption	2018-10-11	2018-10-20	2
649	2	608	taskname_649	649descr649ption	2018-10-12	2018-10-21	4
650	2	115	taskname_650	650descr650ption	2018-10-13	2018-10-22	2
651	2	952	taskname_651	651descr651ption	2018-10-14	2018-10-23	4
652	2	194	taskname_652	652descr652ption	2018-10-15	2018-10-24	3
653	2	744	taskname_653	653descr653ption	2018-10-16	2018-10-25	3
654	2	334	taskname_654	654descr654ption	2018-10-17	2018-10-26	5
655	2	591	taskname_655	655descr655ption	2018-10-18	2018-10-27	3
656	2	569	taskname_656	656descr656ption	2018-10-19	2018-10-28	4
657	2	246	taskname_657	657descr657ption	2018-10-20	2018-10-29	3
658	2	975	taskname_658	658descr658ption	2018-10-21	2018-10-30	2
659	2	967	taskname_659	659descr659ption	2018-10-22	2018-10-31	3
660	2	472	taskname_660	660descr660ption	2018-10-23	2018-11-01	2
661	2	239	taskname_661	661descr661ption	2018-10-24	2018-11-02	3
662	2	407	taskname_662	662descr662ption	2018-10-25	2018-11-03	3
663	2	775	taskname_663	663descr663ption	2018-10-26	2018-11-04	4
664	2	507	taskname_664	664descr664ption	2018-10-27	2018-11-05	1
665	2	403	taskname_665	665descr665ption	2018-10-28	2018-11-06	2
666	2	152	taskname_666	666descr666ption	2018-10-29	2018-11-07	4
667	2	189	taskname_667	667descr667ption	2018-10-30	2018-11-08	2
668	2	862	taskname_668	668descr668ption	2018-10-31	2018-11-09	2
669	2	335	taskname_669	669descr669ption	2018-11-01	2018-11-10	5
670	2	361	taskname_670	670descr670ption	2018-11-02	2018-11-11	1
671	2	942	taskname_671	671descr671ption	2018-11-03	2018-11-12	5
672	2	360	taskname_672	672descr672ption	2018-11-04	2018-11-13	5
673	2	181	taskname_673	673descr673ption	2018-11-05	2018-11-14	1
674	2	620	taskname_674	674descr674ption	2018-11-06	2018-11-15	2
675	2	721	taskname_675	675descr675ption	2018-11-07	2018-11-16	1
676	2	675	taskname_676	676descr676ption	2018-11-08	2018-11-17	1
677	2	610	taskname_677	677descr677ption	2018-11-09	2018-11-18	5
678	2	699	taskname_678	678descr678ption	2018-11-10	2018-11-19	1
679	2	102	taskname_679	679descr679ption	2018-11-11	2018-11-20	2
680	2	767	taskname_680	680descr680ption	2018-11-12	2018-11-21	2
681	2	826	taskname_681	681descr681ption	2018-11-13	2018-11-22	3
682	2	858	taskname_682	682descr682ption	2018-11-14	2018-11-23	5
683	2	263	taskname_683	683descr683ption	2018-11-15	2018-11-24	1
684	2	946	taskname_684	684descr684ption	2018-11-16	2018-11-25	4
685	2	916	taskname_685	685descr685ption	2018-11-17	2018-11-26	3
686	2	522	taskname_686	686descr686ption	2018-11-18	2018-11-27	2
687	2	235	taskname_687	687descr687ption	2018-11-19	2018-11-28	5
688	2	44	taskname_688	688descr688ption	2018-11-20	2018-11-29	5
689	2	215	taskname_689	689descr689ption	2018-11-21	2018-11-30	3
690	2	562	taskname_690	690descr690ption	2018-11-22	2018-12-01	4
691	2	755	taskname_691	691descr691ption	2018-11-23	2018-12-02	5
692	2	894	taskname_692	692descr692ption	2018-11-24	2018-12-03	2
693	2	318	taskname_693	693descr693ption	2018-11-25	2018-12-04	2
694	2	749	taskname_694	694descr694ption	2018-11-26	2018-12-05	3
695	2	798	taskname_695	695descr695ption	2018-11-27	2018-12-06	3
696	2	922	taskname_696	696descr696ption	2018-11-28	2018-12-07	3
697	2	433	taskname_697	697descr697ption	2018-11-29	2018-12-08	4
698	2	637	taskname_698	698descr698ption	2018-11-30	2018-12-09	4
699	2	500	taskname_699	699descr699ption	2018-12-01	2018-12-10	4
700	2	293	taskname_700	700descr700ption	2018-12-02	2018-12-11	3
701	2	888	taskname_701	701descr701ption	2018-12-03	2018-12-12	3
702	2	272	taskname_702	702descr702ption	2018-12-04	2018-12-13	5
703	2	696	taskname_703	703descr703ption	2018-12-05	2018-12-14	1
704	2	538	taskname_704	704descr704ption	2018-12-06	2018-12-15	2
705	2	978	taskname_705	705descr705ption	2018-12-07	2018-12-16	5
706	2	844	taskname_706	706descr706ption	2018-12-08	2018-12-17	1
707	2	336	taskname_707	707descr707ption	2018-12-09	2018-12-18	4
708	2	96	taskname_708	708descr708ption	2018-12-10	2018-12-19	4
709	2	331	taskname_709	709descr709ption	2018-12-11	2018-12-20	4
710	2	71	taskname_710	710descr710ption	2018-12-12	2018-12-21	5
711	2	359	taskname_711	711descr711ption	2018-12-13	2018-12-22	1
712	2	751	taskname_712	712descr712ption	2018-12-14	2018-12-23	5
713	2	772	taskname_713	713descr713ption	2018-12-15	2018-12-24	4
714	2	487	taskname_714	714descr714ption	2018-12-16	2018-12-25	2
715	2	968	taskname_715	715descr715ption	2018-12-17	2018-12-26	2
716	2	685	taskname_716	716descr716ption	2018-12-18	2018-12-27	4
717	2	593	taskname_717	717descr717ption	2018-12-19	2018-12-28	5
718	2	978	taskname_718	718descr718ption	2018-12-20	2018-12-29	5
719	2	271	taskname_719	719descr719ption	2018-12-21	2018-12-30	2
720	2	198	taskname_720	720descr720ption	2018-12-22	2018-12-31	3
721	2	614	taskname_721	721descr721ption	2018-12-23	2019-01-01	2
722	2	980	taskname_722	722descr722ption	2018-12-24	2019-01-02	1
723	2	780	taskname_723	723descr723ption	2018-12-25	2019-01-03	5
724	2	601	taskname_724	724descr724ption	2018-12-26	2019-01-04	1
725	2	919	taskname_725	725descr725ption	2018-12-27	2019-01-05	1
726	2	237	taskname_726	726descr726ption	2018-12-28	2019-01-06	4
727	2	663	taskname_727	727descr727ption	2018-12-29	2019-01-07	2
728	2	69	taskname_728	728descr728ption	2018-12-30	2019-01-08	5
729	2	374	taskname_729	729descr729ption	2018-12-31	2019-01-09	3
730	2	705	taskname_730	730descr730ption	2019-01-01	2019-01-10	3
731	2	334	taskname_731	731descr731ption	2019-01-02	2019-01-11	2
732	2	197	taskname_732	732descr732ption	2019-01-03	2019-01-12	2
733	2	346	taskname_733	733descr733ption	2019-01-04	2019-01-13	5
734	2	215	taskname_734	734descr734ption	2019-01-05	2019-01-14	1
735	2	689	taskname_735	735descr735ption	2019-01-06	2019-01-15	4
736	2	865	taskname_736	736descr736ption	2019-01-07	2019-01-16	3
737	2	453	taskname_737	737descr737ption	2019-01-08	2019-01-17	2
738	2	250	taskname_738	738descr738ption	2019-01-09	2019-01-18	5
739	2	920	taskname_739	739descr739ption	2019-01-10	2019-01-19	2
740	2	342	taskname_740	740descr740ption	2019-01-11	2019-01-20	5
741	2	521	taskname_741	741descr741ption	2019-01-12	2019-01-21	5
742	2	116	taskname_742	742descr742ption	2019-01-13	2019-01-22	3
743	2	565	taskname_743	743descr743ption	2019-01-14	2019-01-23	1
744	2	618	taskname_744	744descr744ption	2019-01-15	2019-01-24	1
745	2	739	taskname_745	745descr745ption	2019-01-16	2019-01-25	5
746	2	279	taskname_746	746descr746ption	2019-01-17	2019-01-26	2
747	2	712	taskname_747	747descr747ption	2019-01-18	2019-01-27	1
748	2	998	taskname_748	748descr748ption	2019-01-19	2019-01-28	3
749	2	649	taskname_749	749descr749ption	2019-01-20	2019-01-29	1
750	2	674	taskname_750	750descr750ption	2019-01-21	2019-01-30	2
751	2	624	taskname_751	751descr751ption	2019-01-22	2019-01-31	2
752	2	639	taskname_752	752descr752ption	2019-01-23	2019-02-01	3
753	2	383	taskname_753	753descr753ption	2019-01-24	2019-02-02	1
754	2	309	taskname_754	754descr754ption	2019-01-25	2019-02-03	5
755	2	738	taskname_755	755descr755ption	2019-01-26	2019-02-04	2
756	2	141	taskname_756	756descr756ption	2019-01-27	2019-02-05	4
757	2	228	taskname_757	757descr757ption	2019-01-28	2019-02-06	2
758	2	443	taskname_758	758descr758ption	2019-01-29	2019-02-07	2
759	2	440	taskname_759	759descr759ption	2019-01-30	2019-02-08	4
760	2	730	taskname_760	760descr760ption	2019-01-31	2019-02-09	1
761	2	383	taskname_761	761descr761ption	2019-02-01	2019-02-10	1
762	2	249	taskname_762	762descr762ption	2019-02-02	2019-02-11	1
763	2	483	taskname_763	763descr763ption	2019-02-03	2019-02-12	1
764	2	152	taskname_764	764descr764ption	2019-02-04	2019-02-13	2
765	2	458	taskname_765	765descr765ption	2019-02-05	2019-02-14	1
766	2	468	taskname_766	766descr766ption	2019-02-06	2019-02-15	5
767	2	364	taskname_767	767descr767ption	2019-02-07	2019-02-16	1
768	2	157	taskname_768	768descr768ption	2019-02-08	2019-02-17	1
769	2	994	taskname_769	769descr769ption	2019-02-09	2019-02-18	4
770	2	49	taskname_770	770descr770ption	2019-02-10	2019-02-19	3
771	2	114	taskname_771	771descr771ption	2019-02-11	2019-02-20	4
772	2	991	taskname_772	772descr772ption	2019-02-12	2019-02-21	1
773	2	446	taskname_773	773descr773ption	2019-02-13	2019-02-22	2
774	2	133	taskname_774	774descr774ption	2019-02-14	2019-02-23	3
775	2	494	taskname_775	775descr775ption	2019-02-15	2019-02-24	5
776	2	63	taskname_776	776descr776ption	2019-02-16	2019-02-25	5
777	2	870	taskname_777	777descr777ption	2019-02-17	2019-02-26	5
778	2	970	taskname_778	778descr778ption	2019-02-18	2019-02-27	2
779	2	557	taskname_779	779descr779ption	2019-02-19	2019-02-28	2
780	2	484	taskname_780	780descr780ption	2019-02-20	2019-03-01	1
781	2	946	taskname_781	781descr781ption	2019-02-21	2019-03-02	1
782	2	95	taskname_782	782descr782ption	2019-02-22	2019-03-03	5
783	2	57	taskname_783	783descr783ption	2019-02-23	2019-03-04	2
784	2	56	taskname_784	784descr784ption	2019-02-24	2019-03-05	2
785	2	717	taskname_785	785descr785ption	2019-02-25	2019-03-06	1
786	2	782	taskname_786	786descr786ption	2019-02-26	2019-03-07	1
787	2	295	taskname_787	787descr787ption	2019-02-27	2019-03-08	5
788	2	172	taskname_788	788descr788ption	2019-02-28	2019-03-09	4
789	2	206	taskname_789	789descr789ption	2019-03-01	2019-03-10	4
790	2	625	taskname_790	790descr790ption	2019-03-02	2019-03-11	2
791	2	166	taskname_791	791descr791ption	2019-03-03	2019-03-12	4
792	2	574	taskname_792	792descr792ption	2019-03-04	2019-03-13	4
793	2	998	taskname_793	793descr793ption	2019-03-05	2019-03-14	1
794	2	388	taskname_794	794descr794ption	2019-03-06	2019-03-15	3
795	2	664	taskname_795	795descr795ption	2019-03-07	2019-03-16	3
796	2	568	taskname_796	796descr796ption	2019-03-08	2019-03-17	5
797	2	822	taskname_797	797descr797ption	2019-03-09	2019-03-18	4
798	2	918	taskname_798	798descr798ption	2019-03-10	2019-03-19	4
799	2	915	taskname_799	799descr799ption	2019-03-11	2019-03-20	5
800	2	929	taskname_800	800descr800ption	2019-03-12	2019-03-21	5
801	2	78	taskname_801	801descr801ption	2019-03-13	2019-03-22	4
802	2	462	taskname_802	802descr802ption	2019-03-14	2019-03-23	4
803	2	484	taskname_803	803descr803ption	2019-03-15	2019-03-24	2
804	2	112	taskname_804	804descr804ption	2019-03-16	2019-03-25	4
805	2	937	taskname_805	805descr805ption	2019-03-17	2019-03-26	4
806	2	387	taskname_806	806descr806ption	2019-03-18	2019-03-27	4
807	2	422	taskname_807	807descr807ption	2019-03-19	2019-03-28	1
808	2	137	taskname_808	808descr808ption	2019-03-20	2019-03-29	5
809	2	504	taskname_809	809descr809ption	2019-03-21	2019-03-30	3
810	2	973	taskname_810	810descr810ption	2019-03-22	2019-03-31	3
811	2	395	taskname_811	811descr811ption	2019-03-23	2019-04-01	1
812	2	776	taskname_812	812descr812ption	2019-03-24	2019-04-02	3
813	2	204	taskname_813	813descr813ption	2019-03-25	2019-04-03	2
814	2	94	taskname_814	814descr814ption	2019-03-26	2019-04-04	4
815	2	667	taskname_815	815descr815ption	2019-03-27	2019-04-05	1
816	2	749	taskname_816	816descr816ption	2019-03-28	2019-04-06	1
817	2	734	taskname_817	817descr817ption	2019-03-29	2019-04-07	4
818	2	117	taskname_818	818descr818ption	2019-03-30	2019-04-08	2
819	2	843	taskname_819	819descr819ption	2019-03-31	2019-04-09	2
820	2	905	taskname_820	820descr820ption	2019-04-01	2019-04-10	2
821	2	963	taskname_821	821descr821ption	2019-04-02	2019-04-11	4
822	2	880	taskname_822	822descr822ption	2019-04-03	2019-04-12	2
823	2	252	taskname_823	823descr823ption	2019-04-04	2019-04-13	2
824	2	804	taskname_824	824descr824ption	2019-04-05	2019-04-14	1
825	2	541	taskname_825	825descr825ption	2019-04-06	2019-04-15	4
826	2	923	taskname_826	826descr826ption	2019-04-07	2019-04-16	4
827	2	317	taskname_827	827descr827ption	2019-04-08	2019-04-17	5
828	2	151	taskname_828	828descr828ption	2019-04-09	2019-04-18	4
829	2	392	taskname_829	829descr829ption	2019-04-10	2019-04-19	3
830	2	639	taskname_830	830descr830ption	2019-04-11	2019-04-20	2
831	2	267	taskname_831	831descr831ption	2019-04-12	2019-04-21	1
832	2	803	taskname_832	832descr832ption	2019-04-13	2019-04-22	2
833	2	597	taskname_833	833descr833ption	2019-04-14	2019-04-23	5
834	2	217	taskname_834	834descr834ption	2019-04-15	2019-04-24	5
835	2	146	taskname_835	835descr835ption	2019-04-16	2019-04-25	3
836	2	217	taskname_836	836descr836ption	2019-04-17	2019-04-26	1
837	2	413	taskname_837	837descr837ption	2019-04-18	2019-04-27	1
838	2	494	taskname_838	838descr838ption	2019-04-19	2019-04-28	1
839	2	114	taskname_839	839descr839ption	2019-04-20	2019-04-29	4
840	2	420	taskname_840	840descr840ption	2019-04-21	2019-04-30	2
841	2	73	taskname_841	841descr841ption	2019-04-22	2019-05-01	4
842	2	588	taskname_842	842descr842ption	2019-04-23	2019-05-02	2
843	2	40	taskname_843	843descr843ption	2019-04-24	2019-05-03	2
844	2	910	taskname_844	844descr844ption	2019-04-25	2019-05-04	4
845	2	982	taskname_845	845descr845ption	2019-04-26	2019-05-05	3
846	2	489	taskname_846	846descr846ption	2019-04-27	2019-05-06	3
847	2	935	taskname_847	847descr847ption	2019-04-28	2019-05-07	2
848	2	249	taskname_848	848descr848ption	2019-04-29	2019-05-08	2
849	2	209	taskname_849	849descr849ption	2019-04-30	2019-05-09	3
850	2	970	taskname_850	850descr850ption	2019-05-01	2019-05-10	3
851	2	586	taskname_851	851descr851ption	2019-05-02	2019-05-11	2
852	2	464	taskname_852	852descr852ption	2019-05-03	2019-05-12	1
853	2	283	taskname_853	853descr853ption	2019-05-04	2019-05-13	5
854	2	662	taskname_854	854descr854ption	2019-05-05	2019-05-14	5
855	2	255	taskname_855	855descr855ption	2019-05-06	2019-05-15	2
856	2	50	taskname_856	856descr856ption	2019-05-07	2019-05-16	1
857	2	424	taskname_857	857descr857ption	2019-05-08	2019-05-17	2
858	2	717	taskname_858	858descr858ption	2019-05-09	2019-05-18	4
859	2	376	taskname_859	859descr859ption	2019-05-10	2019-05-19	3
860	2	894	taskname_860	860descr860ption	2019-05-11	2019-05-20	4
861	2	174	taskname_861	861descr861ption	2019-05-12	2019-05-21	2
862	2	606	taskname_862	862descr862ption	2019-05-13	2019-05-22	2
863	2	673	taskname_863	863descr863ption	2019-05-14	2019-05-23	1
864	2	640	taskname_864	864descr864ption	2019-05-15	2019-05-24	5
865	2	318	taskname_865	865descr865ption	2019-05-16	2019-05-25	5
866	2	237	taskname_866	866descr866ption	2019-05-17	2019-05-26	4
867	2	795	taskname_867	867descr867ption	2019-05-18	2019-05-27	5
868	2	901	taskname_868	868descr868ption	2019-05-19	2019-05-28	4
869	2	657	taskname_869	869descr869ption	2019-05-20	2019-05-29	1
870	2	474	taskname_870	870descr870ption	2019-05-21	2019-05-30	3
871	2	644	taskname_871	871descr871ption	2019-05-22	2019-05-31	5
872	2	238	taskname_872	872descr872ption	2019-05-23	2019-06-01	3
873	2	160	taskname_873	873descr873ption	2019-05-24	2019-06-02	1
874	2	531	taskname_874	874descr874ption	2019-05-25	2019-06-03	5
875	2	581	taskname_875	875descr875ption	2019-05-26	2019-06-04	3
876	2	893	taskname_876	876descr876ption	2019-05-27	2019-06-05	3
877	2	806	taskname_877	877descr877ption	2019-05-28	2019-06-06	4
878	2	863	taskname_878	878descr878ption	2019-05-29	2019-06-07	3
879	2	352	taskname_879	879descr879ption	2019-05-30	2019-06-08	3
880	2	360	taskname_880	880descr880ption	2019-05-31	2019-06-09	3
881	2	111	taskname_881	881descr881ption	2019-06-01	2019-06-10	4
882	2	573	taskname_882	882descr882ption	2019-06-02	2019-06-11	3
883	2	295	taskname_883	883descr883ption	2019-06-03	2019-06-12	5
884	2	984	taskname_884	884descr884ption	2019-06-04	2019-06-13	3
885	2	35	taskname_885	885descr885ption	2019-06-05	2019-06-14	5
886	2	863	taskname_886	886descr886ption	2019-06-06	2019-06-15	3
887	2	980	taskname_887	887descr887ption	2019-06-07	2019-06-16	4
888	2	747	taskname_888	888descr888ption	2019-06-08	2019-06-17	1
889	2	55	taskname_889	889descr889ption	2019-06-09	2019-06-18	1
890	2	675	taskname_890	890descr890ption	2019-06-10	2019-06-19	2
891	2	700	taskname_891	891descr891ption	2019-06-11	2019-06-20	4
892	2	390	taskname_892	892descr892ption	2019-06-12	2019-06-21	3
893	2	65	taskname_893	893descr893ption	2019-06-13	2019-06-22	3
894	2	984	taskname_894	894descr894ption	2019-06-14	2019-06-23	2
895	2	755	taskname_895	895descr895ption	2019-06-15	2019-06-24	3
896	2	85	taskname_896	896descr896ption	2019-06-16	2019-06-25	2
897	2	938	taskname_897	897descr897ption	2019-06-17	2019-06-26	5
898	2	771	taskname_898	898descr898ption	2019-06-18	2019-06-27	4
899	2	130	taskname_899	899descr899ption	2019-06-19	2019-06-28	2
900	2	185	taskname_900	900descr900ption	2019-06-20	2019-06-29	4
901	2	211	taskname_901	901descr901ption	2019-06-21	2019-06-30	1
902	2	844	taskname_902	902descr902ption	2019-06-22	2019-07-01	1
903	2	148	taskname_903	903descr903ption	2019-06-23	2019-07-02	1
904	2	329	taskname_904	904descr904ption	2019-06-24	2019-07-03	3
905	2	866	taskname_905	905descr905ption	2019-06-25	2019-07-04	2
906	2	837	taskname_906	906descr906ption	2019-06-26	2019-07-05	1
907	2	570	taskname_907	907descr907ption	2019-06-27	2019-07-06	3
908	2	72	taskname_908	908descr908ption	2019-06-28	2019-07-07	2
909	2	479	taskname_909	909descr909ption	2019-06-29	2019-07-08	4
910	2	50	taskname_910	910descr910ption	2019-06-30	2019-07-09	1
911	2	398	taskname_911	911descr911ption	2019-07-01	2019-07-10	2
912	2	99	taskname_912	912descr912ption	2019-07-02	2019-07-11	1
913	2	792	taskname_913	913descr913ption	2019-07-03	2019-07-12	2
914	2	569	taskname_914	914descr914ption	2019-07-04	2019-07-13	5
915	2	624	taskname_915	915descr915ption	2019-07-05	2019-07-14	5
916	2	87	taskname_916	916descr916ption	2019-07-06	2019-07-15	4
917	2	800	taskname_917	917descr917ption	2019-07-07	2019-07-16	5
918	2	25	taskname_918	918descr918ption	2019-07-08	2019-07-17	5
919	2	520	taskname_919	919descr919ption	2019-07-09	2019-07-18	5
920	2	149	taskname_920	920descr920ption	2019-07-10	2019-07-19	2
921	2	357	taskname_921	921descr921ption	2019-07-11	2019-07-20	2
922	2	952	taskname_922	922descr922ption	2019-07-12	2019-07-21	5
923	2	212	taskname_923	923descr923ption	2019-07-13	2019-07-22	5
924	2	560	taskname_924	924descr924ption	2019-07-14	2019-07-23	1
925	2	78	taskname_925	925descr925ption	2019-07-15	2019-07-24	4
926	2	924	taskname_926	926descr926ption	2019-07-16	2019-07-25	4
927	2	744	taskname_927	927descr927ption	2019-07-17	2019-07-26	3
928	2	810	taskname_928	928descr928ption	2019-07-18	2019-07-27	1
929	2	891	taskname_929	929descr929ption	2019-07-19	2019-07-28	3
930	2	457	taskname_930	930descr930ption	2019-07-20	2019-07-29	2
931	2	131	taskname_931	931descr931ption	2019-07-21	2019-07-30	3
932	2	349	taskname_932	932descr932ption	2019-07-22	2019-07-31	3
933	2	473	taskname_933	933descr933ption	2019-07-23	2019-08-01	5
934	2	878	taskname_934	934descr934ption	2019-07-24	2019-08-02	2
935	2	726	taskname_935	935descr935ption	2019-07-25	2019-08-03	5
936	2	378	taskname_936	936descr936ption	2019-07-26	2019-08-04	1
937	2	12	taskname_937	937descr937ption	2019-07-27	2019-08-05	1
938	2	7	taskname_938	938descr938ption	2019-07-28	2019-08-06	2
939	2	352	taskname_939	939descr939ption	2019-07-29	2019-08-07	2
940	2	914	taskname_940	940descr940ption	2019-07-30	2019-08-08	3
941	2	176	taskname_941	941descr941ption	2019-07-31	2019-08-09	3
942	2	904	taskname_942	942descr942ption	2019-08-01	2019-08-10	5
943	2	859	taskname_943	943descr943ption	2019-08-02	2019-08-11	5
944	2	454	taskname_944	944descr944ption	2019-08-03	2019-08-12	4
945	2	92	taskname_945	945descr945ption	2019-08-04	2019-08-13	4
946	2	263	taskname_946	946descr946ption	2019-08-05	2019-08-14	5
947	2	453	taskname_947	947descr947ption	2019-08-06	2019-08-15	2
948	2	153	taskname_948	948descr948ption	2019-08-07	2019-08-16	4
949	2	984	taskname_949	949descr949ption	2019-08-08	2019-08-17	5
950	2	918	taskname_950	950descr950ption	2019-08-09	2019-08-18	1
951	2	57	taskname_951	951descr951ption	2019-08-10	2019-08-19	4
952	2	790	taskname_952	952descr952ption	2019-08-11	2019-08-20	2
953	2	624	taskname_953	953descr953ption	2019-08-12	2019-08-21	1
954	2	292	taskname_954	954descr954ption	2019-08-13	2019-08-22	4
955	2	363	taskname_955	955descr955ption	2019-08-14	2019-08-23	5
956	2	405	taskname_956	956descr956ption	2019-08-15	2019-08-24	2
957	2	42	taskname_957	957descr957ption	2019-08-16	2019-08-25	3
958	2	457	taskname_958	958descr958ption	2019-08-17	2019-08-26	2
959	2	22	taskname_959	959descr959ption	2019-08-18	2019-08-27	5
960	2	649	taskname_960	960descr960ption	2019-08-19	2019-08-28	5
961	2	821	taskname_961	961descr961ption	2019-08-20	2019-08-29	1
962	2	335	taskname_962	962descr962ption	2019-08-21	2019-08-30	5
963	2	523	taskname_963	963descr963ption	2019-08-22	2019-08-31	2
964	2	198	taskname_964	964descr964ption	2019-08-23	2019-09-01	3
965	2	518	taskname_965	965descr965ption	2019-08-24	2019-09-02	3
966	2	215	taskname_966	966descr966ption	2019-08-25	2019-09-03	1
967	2	410	taskname_967	967descr967ption	2019-08-26	2019-09-04	3
968	2	642	taskname_968	968descr968ption	2019-08-27	2019-09-05	1
969	2	801	taskname_969	969descr969ption	2019-08-28	2019-09-06	1
970	2	9	taskname_970	970descr970ption	2019-08-29	2019-09-07	5
971	2	139	taskname_971	971descr971ption	2019-08-30	2019-09-08	1
972	2	702	taskname_972	972descr972ption	2019-08-31	2019-09-09	3
973	2	721	taskname_973	973descr973ption	2019-09-01	2019-09-10	1
974	2	80	taskname_974	974descr974ption	2019-09-02	2019-09-11	1
975	2	69	taskname_975	975descr975ption	2019-09-03	2019-09-12	4
976	2	854	taskname_976	976descr976ption	2019-09-04	2019-09-13	4
977	2	641	taskname_977	977descr977ption	2019-09-05	2019-09-14	5
978	2	162	taskname_978	978descr978ption	2019-09-06	2019-09-15	1
979	2	676	taskname_979	979descr979ption	2019-09-07	2019-09-16	1
980	2	669	taskname_980	980descr980ption	2019-09-08	2019-09-17	2
981	2	475	taskname_981	981descr981ption	2019-09-09	2019-09-18	1
982	2	767	taskname_982	982descr982ption	2019-09-10	2019-09-19	5
983	2	887	taskname_983	983descr983ption	2019-09-11	2019-09-20	5
984	2	917	taskname_984	984descr984ption	2019-09-12	2019-09-21	3
985	2	342	taskname_985	985descr985ption	2019-09-13	2019-09-22	4
986	2	851	taskname_986	986descr986ption	2019-09-14	2019-09-23	5
987	2	339	taskname_987	987descr987ption	2019-09-15	2019-09-24	3
988	2	661	taskname_988	988descr988ption	2019-09-16	2019-09-25	3
989	2	712	taskname_989	989descr989ption	2019-09-17	2019-09-26	1
990	2	801	taskname_990	990descr990ption	2019-09-18	2019-09-27	4
991	2	469	taskname_991	991descr991ption	2019-09-19	2019-09-28	4
992	2	670	taskname_992	992descr992ption	2019-09-20	2019-09-29	4
993	2	843	taskname_993	993descr993ption	2019-09-21	2019-09-30	1
994	2	271	taskname_994	994descr994ption	2019-09-22	2019-10-01	5
995	2	191	taskname_995	995descr995ption	2019-09-23	2019-10-02	3
996	2	711	taskname_996	996descr996ption	2019-09-24	2019-10-03	5
997	2	822	taskname_997	997descr997ption	2019-09-25	2019-10-04	4
998	2	549	taskname_998	998descr998ption	2019-09-26	2019-10-05	3
999	2	886	taskname_999	999descr999ption	2019-09-27	2019-10-06	4
1000	2	396	taskname_1000	1000descr1000ption	2019-09-28	2019-10-07	3
\.


--
-- Name: task_id_seq; Type: SEQUENCE SET; Schema: public; Owner: jk
--

SELECT pg_catalog.setval('task_id_seq', 1, false);


--
-- Data for Name: user; Type: TABLE DATA; Schema: public; Owner: jk
--

COPY "user" (id, firstname, middlename, lastname) FROM stdin;
1	first_1	middle_1	last_1
2	first_2	middle_2	last_2
3	first_3	middle_3	last_3
4	first_4	middle_4	last_4
5	first_5	middle_5	last_5
6	first_6	middle_6	last_6
7	first_7	middle_7	last_7
8	first_8	middle_8	last_8
9	first_9	middle_9	last_9
10	first_10	middle_10	last_10
11	first_11	middle_11	last_11
12	first_12	middle_12	last_12
13	first_13	middle_13	last_13
14	first_14	middle_14	last_14
15	first_15	middle_15	last_15
16	first_16	middle_16	last_16
17	first_17	middle_17	last_17
18	first_18	middle_18	last_18
19	first_19	middle_19	last_19
20	first_20	middle_20	last_20
21	first_21	middle_21	last_21
22	first_22	middle_22	last_22
23	first_23	middle_23	last_23
24	first_24	middle_24	last_24
25	first_25	middle_25	last_25
26	first_26	middle_26	last_26
27	first_27	middle_27	last_27
28	first_28	middle_28	last_28
29	first_29	middle_29	last_29
30	first_30	middle_30	last_30
31	first_31	middle_31	last_31
32	first_32	middle_32	last_32
33	first_33	middle_33	last_33
34	first_34	middle_34	last_34
35	first_35	middle_35	last_35
36	first_36	middle_36	last_36
37	first_37	middle_37	last_37
38	first_38	middle_38	last_38
39	first_39	middle_39	last_39
40	first_40	middle_40	last_40
41	first_41	middle_41	last_41
42	first_42	middle_42	last_42
43	first_43	middle_43	last_43
44	first_44	middle_44	last_44
45	first_45	middle_45	last_45
46	first_46	middle_46	last_46
47	first_47	middle_47	last_47
48	first_48	middle_48	last_48
49	first_49	middle_49	last_49
50	first_50	middle_50	last_50
51	first_51	middle_51	last_51
52	first_52	middle_52	last_52
53	first_53	middle_53	last_53
54	first_54	middle_54	last_54
55	first_55	middle_55	last_55
56	first_56	middle_56	last_56
57	first_57	middle_57	last_57
58	first_58	middle_58	last_58
59	first_59	middle_59	last_59
60	first_60	middle_60	last_60
61	first_61	middle_61	last_61
62	first_62	middle_62	last_62
63	first_63	middle_63	last_63
64	first_64	middle_64	last_64
65	first_65	middle_65	last_65
66	first_66	middle_66	last_66
67	first_67	middle_67	last_67
68	first_68	middle_68	last_68
69	first_69	middle_69	last_69
70	first_70	middle_70	last_70
71	first_71	middle_71	last_71
72	first_72	middle_72	last_72
73	first_73	middle_73	last_73
74	first_74	middle_74	last_74
75	first_75	middle_75	last_75
76	first_76	middle_76	last_76
77	first_77	middle_77	last_77
78	first_78	middle_78	last_78
79	first_79	middle_79	last_79
80	first_80	middle_80	last_80
81	first_81	middle_81	last_81
82	first_82	middle_82	last_82
83	first_83	middle_83	last_83
84	first_84	middle_84	last_84
85	first_85	middle_85	last_85
86	first_86	middle_86	last_86
87	first_87	middle_87	last_87
88	first_88	middle_88	last_88
89	first_89	middle_89	last_89
90	first_90	middle_90	last_90
91	first_91	middle_91	last_91
92	first_92	middle_92	last_92
93	first_93	middle_93	last_93
94	first_94	middle_94	last_94
95	first_95	middle_95	last_95
96	first_96	middle_96	last_96
97	first_97	middle_97	last_97
98	first_98	middle_98	last_98
99	first_99	middle_99	last_99
100	first_100	middle_100	last_100
101	first_101	middle_101	last_101
102	first_102	middle_102	last_102
103	first_103	middle_103	last_103
104	first_104	middle_104	last_104
105	first_105	middle_105	last_105
106	first_106	middle_106	last_106
107	first_107	middle_107	last_107
108	first_108	middle_108	last_108
109	first_109	middle_109	last_109
110	first_110	middle_110	last_110
111	first_111	middle_111	last_111
112	first_112	middle_112	last_112
113	first_113	middle_113	last_113
114	first_114	middle_114	last_114
115	first_115	middle_115	last_115
116	first_116	middle_116	last_116
117	first_117	middle_117	last_117
118	first_118	middle_118	last_118
119	first_119	middle_119	last_119
120	first_120	middle_120	last_120
121	first_121	middle_121	last_121
122	first_122	middle_122	last_122
123	first_123	middle_123	last_123
124	first_124	middle_124	last_124
125	first_125	middle_125	last_125
126	first_126	middle_126	last_126
127	first_127	middle_127	last_127
128	first_128	middle_128	last_128
129	first_129	middle_129	last_129
130	first_130	middle_130	last_130
131	first_131	middle_131	last_131
132	first_132	middle_132	last_132
133	first_133	middle_133	last_133
134	first_134	middle_134	last_134
135	first_135	middle_135	last_135
136	first_136	middle_136	last_136
137	first_137	middle_137	last_137
138	first_138	middle_138	last_138
139	first_139	middle_139	last_139
140	first_140	middle_140	last_140
141	first_141	middle_141	last_141
142	first_142	middle_142	last_142
143	first_143	middle_143	last_143
144	first_144	middle_144	last_144
145	first_145	middle_145	last_145
146	first_146	middle_146	last_146
147	first_147	middle_147	last_147
148	first_148	middle_148	last_148
149	first_149	middle_149	last_149
150	first_150	middle_150	last_150
151	first_151	middle_151	last_151
152	first_152	middle_152	last_152
153	first_153	middle_153	last_153
154	first_154	middle_154	last_154
155	first_155	middle_155	last_155
156	first_156	middle_156	last_156
157	first_157	middle_157	last_157
158	first_158	middle_158	last_158
159	first_159	middle_159	last_159
160	first_160	middle_160	last_160
161	first_161	middle_161	last_161
162	first_162	middle_162	last_162
163	first_163	middle_163	last_163
164	first_164	middle_164	last_164
165	first_165	middle_165	last_165
166	first_166	middle_166	last_166
167	first_167	middle_167	last_167
168	first_168	middle_168	last_168
169	first_169	middle_169	last_169
170	first_170	middle_170	last_170
171	first_171	middle_171	last_171
172	first_172	middle_172	last_172
173	first_173	middle_173	last_173
174	first_174	middle_174	last_174
175	first_175	middle_175	last_175
176	first_176	middle_176	last_176
177	first_177	middle_177	last_177
178	first_178	middle_178	last_178
179	first_179	middle_179	last_179
180	first_180	middle_180	last_180
181	first_181	middle_181	last_181
182	first_182	middle_182	last_182
183	first_183	middle_183	last_183
184	first_184	middle_184	last_184
185	first_185	middle_185	last_185
186	first_186	middle_186	last_186
187	first_187	middle_187	last_187
188	first_188	middle_188	last_188
189	first_189	middle_189	last_189
190	first_190	middle_190	last_190
191	first_191	middle_191	last_191
192	first_192	middle_192	last_192
193	first_193	middle_193	last_193
194	first_194	middle_194	last_194
195	first_195	middle_195	last_195
196	first_196	middle_196	last_196
197	first_197	middle_197	last_197
198	first_198	middle_198	last_198
199	first_199	middle_199	last_199
200	first_200	middle_200	last_200
201	first_201	middle_201	last_201
202	first_202	middle_202	last_202
203	first_203	middle_203	last_203
204	first_204	middle_204	last_204
205	first_205	middle_205	last_205
206	first_206	middle_206	last_206
207	first_207	middle_207	last_207
208	first_208	middle_208	last_208
209	first_209	middle_209	last_209
210	first_210	middle_210	last_210
211	first_211	middle_211	last_211
212	first_212	middle_212	last_212
213	first_213	middle_213	last_213
214	first_214	middle_214	last_214
215	first_215	middle_215	last_215
216	first_216	middle_216	last_216
217	first_217	middle_217	last_217
218	first_218	middle_218	last_218
219	first_219	middle_219	last_219
220	first_220	middle_220	last_220
221	first_221	middle_221	last_221
222	first_222	middle_222	last_222
223	first_223	middle_223	last_223
224	first_224	middle_224	last_224
225	first_225	middle_225	last_225
226	first_226	middle_226	last_226
227	first_227	middle_227	last_227
228	first_228	middle_228	last_228
229	first_229	middle_229	last_229
230	first_230	middle_230	last_230
231	first_231	middle_231	last_231
232	first_232	middle_232	last_232
233	first_233	middle_233	last_233
234	first_234	middle_234	last_234
235	first_235	middle_235	last_235
236	first_236	middle_236	last_236
237	first_237	middle_237	last_237
238	first_238	middle_238	last_238
239	first_239	middle_239	last_239
240	first_240	middle_240	last_240
241	first_241	middle_241	last_241
242	first_242	middle_242	last_242
243	first_243	middle_243	last_243
244	first_244	middle_244	last_244
245	first_245	middle_245	last_245
246	first_246	middle_246	last_246
247	first_247	middle_247	last_247
248	first_248	middle_248	last_248
249	first_249	middle_249	last_249
250	first_250	middle_250	last_250
251	first_251	middle_251	last_251
252	first_252	middle_252	last_252
253	first_253	middle_253	last_253
254	first_254	middle_254	last_254
255	first_255	middle_255	last_255
256	first_256	middle_256	last_256
257	first_257	middle_257	last_257
258	first_258	middle_258	last_258
259	first_259	middle_259	last_259
260	first_260	middle_260	last_260
261	first_261	middle_261	last_261
262	first_262	middle_262	last_262
263	first_263	middle_263	last_263
264	first_264	middle_264	last_264
265	first_265	middle_265	last_265
266	first_266	middle_266	last_266
267	first_267	middle_267	last_267
268	first_268	middle_268	last_268
269	first_269	middle_269	last_269
270	first_270	middle_270	last_270
271	first_271	middle_271	last_271
272	first_272	middle_272	last_272
273	first_273	middle_273	last_273
274	first_274	middle_274	last_274
275	first_275	middle_275	last_275
276	first_276	middle_276	last_276
277	first_277	middle_277	last_277
278	first_278	middle_278	last_278
279	first_279	middle_279	last_279
280	first_280	middle_280	last_280
281	first_281	middle_281	last_281
282	first_282	middle_282	last_282
283	first_283	middle_283	last_283
284	first_284	middle_284	last_284
285	first_285	middle_285	last_285
286	first_286	middle_286	last_286
287	first_287	middle_287	last_287
288	first_288	middle_288	last_288
289	first_289	middle_289	last_289
290	first_290	middle_290	last_290
291	first_291	middle_291	last_291
292	first_292	middle_292	last_292
293	first_293	middle_293	last_293
294	first_294	middle_294	last_294
295	first_295	middle_295	last_295
296	first_296	middle_296	last_296
297	first_297	middle_297	last_297
298	first_298	middle_298	last_298
299	first_299	middle_299	last_299
300	first_300	middle_300	last_300
301	first_301	middle_301	last_301
302	first_302	middle_302	last_302
303	first_303	middle_303	last_303
304	first_304	middle_304	last_304
305	first_305	middle_305	last_305
306	first_306	middle_306	last_306
307	first_307	middle_307	last_307
308	first_308	middle_308	last_308
309	first_309	middle_309	last_309
310	first_310	middle_310	last_310
311	first_311	middle_311	last_311
312	first_312	middle_312	last_312
313	first_313	middle_313	last_313
314	first_314	middle_314	last_314
315	first_315	middle_315	last_315
316	first_316	middle_316	last_316
317	first_317	middle_317	last_317
318	first_318	middle_318	last_318
319	first_319	middle_319	last_319
320	first_320	middle_320	last_320
321	first_321	middle_321	last_321
322	first_322	middle_322	last_322
323	first_323	middle_323	last_323
324	first_324	middle_324	last_324
325	first_325	middle_325	last_325
326	first_326	middle_326	last_326
327	first_327	middle_327	last_327
328	first_328	middle_328	last_328
329	first_329	middle_329	last_329
330	first_330	middle_330	last_330
331	first_331	middle_331	last_331
332	first_332	middle_332	last_332
333	first_333	middle_333	last_333
334	first_334	middle_334	last_334
335	first_335	middle_335	last_335
336	first_336	middle_336	last_336
337	first_337	middle_337	last_337
338	first_338	middle_338	last_338
339	first_339	middle_339	last_339
340	first_340	middle_340	last_340
341	first_341	middle_341	last_341
342	first_342	middle_342	last_342
343	first_343	middle_343	last_343
344	first_344	middle_344	last_344
345	first_345	middle_345	last_345
346	first_346	middle_346	last_346
347	first_347	middle_347	last_347
348	first_348	middle_348	last_348
349	first_349	middle_349	last_349
350	first_350	middle_350	last_350
351	first_351	middle_351	last_351
352	first_352	middle_352	last_352
353	first_353	middle_353	last_353
354	first_354	middle_354	last_354
355	first_355	middle_355	last_355
356	first_356	middle_356	last_356
357	first_357	middle_357	last_357
358	first_358	middle_358	last_358
359	first_359	middle_359	last_359
360	first_360	middle_360	last_360
361	first_361	middle_361	last_361
362	first_362	middle_362	last_362
363	first_363	middle_363	last_363
364	first_364	middle_364	last_364
365	first_365	middle_365	last_365
366	first_366	middle_366	last_366
367	first_367	middle_367	last_367
368	first_368	middle_368	last_368
369	first_369	middle_369	last_369
370	first_370	middle_370	last_370
371	first_371	middle_371	last_371
372	first_372	middle_372	last_372
373	first_373	middle_373	last_373
374	first_374	middle_374	last_374
375	first_375	middle_375	last_375
376	first_376	middle_376	last_376
377	first_377	middle_377	last_377
378	first_378	middle_378	last_378
379	first_379	middle_379	last_379
380	first_380	middle_380	last_380
381	first_381	middle_381	last_381
382	first_382	middle_382	last_382
383	first_383	middle_383	last_383
384	first_384	middle_384	last_384
385	first_385	middle_385	last_385
386	first_386	middle_386	last_386
387	first_387	middle_387	last_387
388	first_388	middle_388	last_388
389	first_389	middle_389	last_389
390	first_390	middle_390	last_390
391	first_391	middle_391	last_391
392	first_392	middle_392	last_392
393	first_393	middle_393	last_393
394	first_394	middle_394	last_394
395	first_395	middle_395	last_395
396	first_396	middle_396	last_396
397	first_397	middle_397	last_397
398	first_398	middle_398	last_398
399	first_399	middle_399	last_399
400	first_400	middle_400	last_400
401	first_401	middle_401	last_401
402	first_402	middle_402	last_402
403	first_403	middle_403	last_403
404	first_404	middle_404	last_404
405	first_405	middle_405	last_405
406	first_406	middle_406	last_406
407	first_407	middle_407	last_407
408	first_408	middle_408	last_408
409	first_409	middle_409	last_409
410	first_410	middle_410	last_410
411	first_411	middle_411	last_411
412	first_412	middle_412	last_412
413	first_413	middle_413	last_413
414	first_414	middle_414	last_414
415	first_415	middle_415	last_415
416	first_416	middle_416	last_416
417	first_417	middle_417	last_417
418	first_418	middle_418	last_418
419	first_419	middle_419	last_419
420	first_420	middle_420	last_420
421	first_421	middle_421	last_421
422	first_422	middle_422	last_422
423	first_423	middle_423	last_423
424	first_424	middle_424	last_424
425	first_425	middle_425	last_425
426	first_426	middle_426	last_426
427	first_427	middle_427	last_427
428	first_428	middle_428	last_428
429	first_429	middle_429	last_429
430	first_430	middle_430	last_430
431	first_431	middle_431	last_431
432	first_432	middle_432	last_432
433	first_433	middle_433	last_433
434	first_434	middle_434	last_434
435	first_435	middle_435	last_435
436	first_436	middle_436	last_436
437	first_437	middle_437	last_437
438	first_438	middle_438	last_438
439	first_439	middle_439	last_439
440	first_440	middle_440	last_440
441	first_441	middle_441	last_441
442	first_442	middle_442	last_442
443	first_443	middle_443	last_443
444	first_444	middle_444	last_444
445	first_445	middle_445	last_445
446	first_446	middle_446	last_446
447	first_447	middle_447	last_447
448	first_448	middle_448	last_448
449	first_449	middle_449	last_449
450	first_450	middle_450	last_450
451	first_451	middle_451	last_451
452	first_452	middle_452	last_452
453	first_453	middle_453	last_453
454	first_454	middle_454	last_454
455	first_455	middle_455	last_455
456	first_456	middle_456	last_456
457	first_457	middle_457	last_457
458	first_458	middle_458	last_458
459	first_459	middle_459	last_459
460	first_460	middle_460	last_460
461	first_461	middle_461	last_461
462	first_462	middle_462	last_462
463	first_463	middle_463	last_463
464	first_464	middle_464	last_464
465	first_465	middle_465	last_465
466	first_466	middle_466	last_466
467	first_467	middle_467	last_467
468	first_468	middle_468	last_468
469	first_469	middle_469	last_469
470	first_470	middle_470	last_470
471	first_471	middle_471	last_471
472	first_472	middle_472	last_472
473	first_473	middle_473	last_473
474	first_474	middle_474	last_474
475	first_475	middle_475	last_475
476	first_476	middle_476	last_476
477	first_477	middle_477	last_477
478	first_478	middle_478	last_478
479	first_479	middle_479	last_479
480	first_480	middle_480	last_480
481	first_481	middle_481	last_481
482	first_482	middle_482	last_482
483	first_483	middle_483	last_483
484	first_484	middle_484	last_484
485	first_485	middle_485	last_485
486	first_486	middle_486	last_486
487	first_487	middle_487	last_487
488	first_488	middle_488	last_488
489	first_489	middle_489	last_489
490	first_490	middle_490	last_490
491	first_491	middle_491	last_491
492	first_492	middle_492	last_492
493	first_493	middle_493	last_493
494	first_494	middle_494	last_494
495	first_495	middle_495	last_495
496	first_496	middle_496	last_496
497	first_497	middle_497	last_497
498	first_498	middle_498	last_498
499	first_499	middle_499	last_499
500	first_500	middle_500	last_500
501	first_501	middle_501	last_501
502	first_502	middle_502	last_502
503	first_503	middle_503	last_503
504	first_504	middle_504	last_504
505	first_505	middle_505	last_505
506	first_506	middle_506	last_506
507	first_507	middle_507	last_507
508	first_508	middle_508	last_508
509	first_509	middle_509	last_509
510	first_510	middle_510	last_510
511	first_511	middle_511	last_511
512	first_512	middle_512	last_512
513	first_513	middle_513	last_513
514	first_514	middle_514	last_514
515	first_515	middle_515	last_515
516	first_516	middle_516	last_516
517	first_517	middle_517	last_517
518	first_518	middle_518	last_518
519	first_519	middle_519	last_519
520	first_520	middle_520	last_520
521	first_521	middle_521	last_521
522	first_522	middle_522	last_522
523	first_523	middle_523	last_523
524	first_524	middle_524	last_524
525	first_525	middle_525	last_525
526	first_526	middle_526	last_526
527	first_527	middle_527	last_527
528	first_528	middle_528	last_528
529	first_529	middle_529	last_529
530	first_530	middle_530	last_530
531	first_531	middle_531	last_531
532	first_532	middle_532	last_532
533	first_533	middle_533	last_533
534	first_534	middle_534	last_534
535	first_535	middle_535	last_535
536	first_536	middle_536	last_536
537	first_537	middle_537	last_537
538	first_538	middle_538	last_538
539	first_539	middle_539	last_539
540	first_540	middle_540	last_540
541	first_541	middle_541	last_541
542	first_542	middle_542	last_542
543	first_543	middle_543	last_543
544	first_544	middle_544	last_544
545	first_545	middle_545	last_545
546	first_546	middle_546	last_546
547	first_547	middle_547	last_547
548	first_548	middle_548	last_548
549	first_549	middle_549	last_549
550	first_550	middle_550	last_550
551	first_551	middle_551	last_551
552	first_552	middle_552	last_552
553	first_553	middle_553	last_553
554	first_554	middle_554	last_554
555	first_555	middle_555	last_555
556	first_556	middle_556	last_556
557	first_557	middle_557	last_557
558	first_558	middle_558	last_558
559	first_559	middle_559	last_559
560	first_560	middle_560	last_560
561	first_561	middle_561	last_561
562	first_562	middle_562	last_562
563	first_563	middle_563	last_563
564	first_564	middle_564	last_564
565	first_565	middle_565	last_565
566	first_566	middle_566	last_566
567	first_567	middle_567	last_567
568	first_568	middle_568	last_568
569	first_569	middle_569	last_569
570	first_570	middle_570	last_570
571	first_571	middle_571	last_571
572	first_572	middle_572	last_572
573	first_573	middle_573	last_573
574	first_574	middle_574	last_574
575	first_575	middle_575	last_575
576	first_576	middle_576	last_576
577	first_577	middle_577	last_577
578	first_578	middle_578	last_578
579	first_579	middle_579	last_579
580	first_580	middle_580	last_580
581	first_581	middle_581	last_581
582	first_582	middle_582	last_582
583	first_583	middle_583	last_583
584	first_584	middle_584	last_584
585	first_585	middle_585	last_585
586	first_586	middle_586	last_586
587	first_587	middle_587	last_587
588	first_588	middle_588	last_588
589	first_589	middle_589	last_589
590	first_590	middle_590	last_590
591	first_591	middle_591	last_591
592	first_592	middle_592	last_592
593	first_593	middle_593	last_593
594	first_594	middle_594	last_594
595	first_595	middle_595	last_595
596	first_596	middle_596	last_596
597	first_597	middle_597	last_597
598	first_598	middle_598	last_598
599	first_599	middle_599	last_599
600	first_600	middle_600	last_600
601	first_601	middle_601	last_601
602	first_602	middle_602	last_602
603	first_603	middle_603	last_603
604	first_604	middle_604	last_604
605	first_605	middle_605	last_605
606	first_606	middle_606	last_606
607	first_607	middle_607	last_607
608	first_608	middle_608	last_608
609	first_609	middle_609	last_609
610	first_610	middle_610	last_610
611	first_611	middle_611	last_611
612	first_612	middle_612	last_612
613	first_613	middle_613	last_613
614	first_614	middle_614	last_614
615	first_615	middle_615	last_615
616	first_616	middle_616	last_616
617	first_617	middle_617	last_617
618	first_618	middle_618	last_618
619	first_619	middle_619	last_619
620	first_620	middle_620	last_620
621	first_621	middle_621	last_621
622	first_622	middle_622	last_622
623	first_623	middle_623	last_623
624	first_624	middle_624	last_624
625	first_625	middle_625	last_625
626	first_626	middle_626	last_626
627	first_627	middle_627	last_627
628	first_628	middle_628	last_628
629	first_629	middle_629	last_629
630	first_630	middle_630	last_630
631	first_631	middle_631	last_631
632	first_632	middle_632	last_632
633	first_633	middle_633	last_633
634	first_634	middle_634	last_634
635	first_635	middle_635	last_635
636	first_636	middle_636	last_636
637	first_637	middle_637	last_637
638	first_638	middle_638	last_638
639	first_639	middle_639	last_639
640	first_640	middle_640	last_640
641	first_641	middle_641	last_641
642	first_642	middle_642	last_642
643	first_643	middle_643	last_643
644	first_644	middle_644	last_644
645	first_645	middle_645	last_645
646	first_646	middle_646	last_646
647	first_647	middle_647	last_647
648	first_648	middle_648	last_648
649	first_649	middle_649	last_649
650	first_650	middle_650	last_650
651	first_651	middle_651	last_651
652	first_652	middle_652	last_652
653	first_653	middle_653	last_653
654	first_654	middle_654	last_654
655	first_655	middle_655	last_655
656	first_656	middle_656	last_656
657	first_657	middle_657	last_657
658	first_658	middle_658	last_658
659	first_659	middle_659	last_659
660	first_660	middle_660	last_660
661	first_661	middle_661	last_661
662	first_662	middle_662	last_662
663	first_663	middle_663	last_663
664	first_664	middle_664	last_664
665	first_665	middle_665	last_665
666	first_666	middle_666	last_666
667	first_667	middle_667	last_667
668	first_668	middle_668	last_668
669	first_669	middle_669	last_669
670	first_670	middle_670	last_670
671	first_671	middle_671	last_671
672	first_672	middle_672	last_672
673	first_673	middle_673	last_673
674	first_674	middle_674	last_674
675	first_675	middle_675	last_675
676	first_676	middle_676	last_676
677	first_677	middle_677	last_677
678	first_678	middle_678	last_678
679	first_679	middle_679	last_679
680	first_680	middle_680	last_680
681	first_681	middle_681	last_681
682	first_682	middle_682	last_682
683	first_683	middle_683	last_683
684	first_684	middle_684	last_684
685	first_685	middle_685	last_685
686	first_686	middle_686	last_686
687	first_687	middle_687	last_687
688	first_688	middle_688	last_688
689	first_689	middle_689	last_689
690	first_690	middle_690	last_690
691	first_691	middle_691	last_691
692	first_692	middle_692	last_692
693	first_693	middle_693	last_693
694	first_694	middle_694	last_694
695	first_695	middle_695	last_695
696	first_696	middle_696	last_696
697	first_697	middle_697	last_697
698	first_698	middle_698	last_698
699	first_699	middle_699	last_699
700	first_700	middle_700	last_700
701	first_701	middle_701	last_701
702	first_702	middle_702	last_702
703	first_703	middle_703	last_703
704	first_704	middle_704	last_704
705	first_705	middle_705	last_705
706	first_706	middle_706	last_706
707	first_707	middle_707	last_707
708	first_708	middle_708	last_708
709	first_709	middle_709	last_709
710	first_710	middle_710	last_710
711	first_711	middle_711	last_711
712	first_712	middle_712	last_712
713	first_713	middle_713	last_713
714	first_714	middle_714	last_714
715	first_715	middle_715	last_715
716	first_716	middle_716	last_716
717	first_717	middle_717	last_717
718	first_718	middle_718	last_718
719	first_719	middle_719	last_719
720	first_720	middle_720	last_720
721	first_721	middle_721	last_721
722	first_722	middle_722	last_722
723	first_723	middle_723	last_723
724	first_724	middle_724	last_724
725	first_725	middle_725	last_725
726	first_726	middle_726	last_726
727	first_727	middle_727	last_727
728	first_728	middle_728	last_728
729	first_729	middle_729	last_729
730	first_730	middle_730	last_730
731	first_731	middle_731	last_731
732	first_732	middle_732	last_732
733	first_733	middle_733	last_733
734	first_734	middle_734	last_734
735	first_735	middle_735	last_735
736	first_736	middle_736	last_736
737	first_737	middle_737	last_737
738	first_738	middle_738	last_738
739	first_739	middle_739	last_739
740	first_740	middle_740	last_740
741	first_741	middle_741	last_741
742	first_742	middle_742	last_742
743	first_743	middle_743	last_743
744	first_744	middle_744	last_744
745	first_745	middle_745	last_745
746	first_746	middle_746	last_746
747	first_747	middle_747	last_747
748	first_748	middle_748	last_748
749	first_749	middle_749	last_749
750	first_750	middle_750	last_750
751	first_751	middle_751	last_751
752	first_752	middle_752	last_752
753	first_753	middle_753	last_753
754	first_754	middle_754	last_754
755	first_755	middle_755	last_755
756	first_756	middle_756	last_756
757	first_757	middle_757	last_757
758	first_758	middle_758	last_758
759	first_759	middle_759	last_759
760	first_760	middle_760	last_760
761	first_761	middle_761	last_761
762	first_762	middle_762	last_762
763	first_763	middle_763	last_763
764	first_764	middle_764	last_764
765	first_765	middle_765	last_765
766	first_766	middle_766	last_766
767	first_767	middle_767	last_767
768	first_768	middle_768	last_768
769	first_769	middle_769	last_769
770	first_770	middle_770	last_770
771	first_771	middle_771	last_771
772	first_772	middle_772	last_772
773	first_773	middle_773	last_773
774	first_774	middle_774	last_774
775	first_775	middle_775	last_775
776	first_776	middle_776	last_776
777	first_777	middle_777	last_777
778	first_778	middle_778	last_778
779	first_779	middle_779	last_779
780	first_780	middle_780	last_780
781	first_781	middle_781	last_781
782	first_782	middle_782	last_782
783	first_783	middle_783	last_783
784	first_784	middle_784	last_784
785	first_785	middle_785	last_785
786	first_786	middle_786	last_786
787	first_787	middle_787	last_787
788	first_788	middle_788	last_788
789	first_789	middle_789	last_789
790	first_790	middle_790	last_790
791	first_791	middle_791	last_791
792	first_792	middle_792	last_792
793	first_793	middle_793	last_793
794	first_794	middle_794	last_794
795	first_795	middle_795	last_795
796	first_796	middle_796	last_796
797	first_797	middle_797	last_797
798	first_798	middle_798	last_798
799	first_799	middle_799	last_799
800	first_800	middle_800	last_800
801	first_801	middle_801	last_801
802	first_802	middle_802	last_802
803	first_803	middle_803	last_803
804	first_804	middle_804	last_804
805	first_805	middle_805	last_805
806	first_806	middle_806	last_806
807	first_807	middle_807	last_807
808	first_808	middle_808	last_808
809	first_809	middle_809	last_809
810	first_810	middle_810	last_810
811	first_811	middle_811	last_811
812	first_812	middle_812	last_812
813	first_813	middle_813	last_813
814	first_814	middle_814	last_814
815	first_815	middle_815	last_815
816	first_816	middle_816	last_816
817	first_817	middle_817	last_817
818	first_818	middle_818	last_818
819	first_819	middle_819	last_819
820	first_820	middle_820	last_820
821	first_821	middle_821	last_821
822	first_822	middle_822	last_822
823	first_823	middle_823	last_823
824	first_824	middle_824	last_824
825	first_825	middle_825	last_825
826	first_826	middle_826	last_826
827	first_827	middle_827	last_827
828	first_828	middle_828	last_828
829	first_829	middle_829	last_829
830	first_830	middle_830	last_830
831	first_831	middle_831	last_831
832	first_832	middle_832	last_832
833	first_833	middle_833	last_833
834	first_834	middle_834	last_834
835	first_835	middle_835	last_835
836	first_836	middle_836	last_836
837	first_837	middle_837	last_837
838	first_838	middle_838	last_838
839	first_839	middle_839	last_839
840	first_840	middle_840	last_840
841	first_841	middle_841	last_841
842	first_842	middle_842	last_842
843	first_843	middle_843	last_843
844	first_844	middle_844	last_844
845	first_845	middle_845	last_845
846	first_846	middle_846	last_846
847	first_847	middle_847	last_847
848	first_848	middle_848	last_848
849	first_849	middle_849	last_849
850	first_850	middle_850	last_850
851	first_851	middle_851	last_851
852	first_852	middle_852	last_852
853	first_853	middle_853	last_853
854	first_854	middle_854	last_854
855	first_855	middle_855	last_855
856	first_856	middle_856	last_856
857	first_857	middle_857	last_857
858	first_858	middle_858	last_858
859	first_859	middle_859	last_859
860	first_860	middle_860	last_860
861	first_861	middle_861	last_861
862	first_862	middle_862	last_862
863	first_863	middle_863	last_863
864	first_864	middle_864	last_864
865	first_865	middle_865	last_865
866	first_866	middle_866	last_866
867	first_867	middle_867	last_867
868	first_868	middle_868	last_868
869	first_869	middle_869	last_869
870	first_870	middle_870	last_870
871	first_871	middle_871	last_871
872	first_872	middle_872	last_872
873	first_873	middle_873	last_873
874	first_874	middle_874	last_874
875	first_875	middle_875	last_875
876	first_876	middle_876	last_876
877	first_877	middle_877	last_877
878	first_878	middle_878	last_878
879	first_879	middle_879	last_879
880	first_880	middle_880	last_880
881	first_881	middle_881	last_881
882	first_882	middle_882	last_882
883	first_883	middle_883	last_883
884	first_884	middle_884	last_884
885	first_885	middle_885	last_885
886	first_886	middle_886	last_886
887	first_887	middle_887	last_887
888	first_888	middle_888	last_888
889	first_889	middle_889	last_889
890	first_890	middle_890	last_890
891	first_891	middle_891	last_891
892	first_892	middle_892	last_892
893	first_893	middle_893	last_893
894	first_894	middle_894	last_894
895	first_895	middle_895	last_895
896	first_896	middle_896	last_896
897	first_897	middle_897	last_897
898	first_898	middle_898	last_898
899	first_899	middle_899	last_899
900	first_900	middle_900	last_900
901	first_901	middle_901	last_901
902	first_902	middle_902	last_902
903	first_903	middle_903	last_903
904	first_904	middle_904	last_904
905	first_905	middle_905	last_905
906	first_906	middle_906	last_906
907	first_907	middle_907	last_907
908	first_908	middle_908	last_908
909	first_909	middle_909	last_909
910	first_910	middle_910	last_910
911	first_911	middle_911	last_911
912	first_912	middle_912	last_912
913	first_913	middle_913	last_913
914	first_914	middle_914	last_914
915	first_915	middle_915	last_915
916	first_916	middle_916	last_916
917	first_917	middle_917	last_917
918	first_918	middle_918	last_918
919	first_919	middle_919	last_919
920	first_920	middle_920	last_920
921	first_921	middle_921	last_921
922	first_922	middle_922	last_922
923	first_923	middle_923	last_923
924	first_924	middle_924	last_924
925	first_925	middle_925	last_925
926	first_926	middle_926	last_926
927	first_927	middle_927	last_927
928	first_928	middle_928	last_928
929	first_929	middle_929	last_929
930	first_930	middle_930	last_930
931	first_931	middle_931	last_931
932	first_932	middle_932	last_932
933	first_933	middle_933	last_933
934	first_934	middle_934	last_934
935	first_935	middle_935	last_935
936	first_936	middle_936	last_936
937	first_937	middle_937	last_937
938	first_938	middle_938	last_938
939	first_939	middle_939	last_939
940	first_940	middle_940	last_940
941	first_941	middle_941	last_941
942	first_942	middle_942	last_942
943	first_943	middle_943	last_943
944	first_944	middle_944	last_944
945	first_945	middle_945	last_945
946	first_946	middle_946	last_946
947	first_947	middle_947	last_947
948	first_948	middle_948	last_948
949	first_949	middle_949	last_949
950	first_950	middle_950	last_950
951	first_951	middle_951	last_951
952	first_952	middle_952	last_952
953	first_953	middle_953	last_953
954	first_954	middle_954	last_954
955	first_955	middle_955	last_955
956	first_956	middle_956	last_956
957	first_957	middle_957	last_957
958	first_958	middle_958	last_958
959	first_959	middle_959	last_959
960	first_960	middle_960	last_960
961	first_961	middle_961	last_961
962	first_962	middle_962	last_962
963	first_963	middle_963	last_963
964	first_964	middle_964	last_964
965	first_965	middle_965	last_965
966	first_966	middle_966	last_966
967	first_967	middle_967	last_967
968	first_968	middle_968	last_968
969	first_969	middle_969	last_969
970	first_970	middle_970	last_970
971	first_971	middle_971	last_971
972	first_972	middle_972	last_972
973	first_973	middle_973	last_973
974	first_974	middle_974	last_974
975	first_975	middle_975	last_975
976	first_976	middle_976	last_976
977	first_977	middle_977	last_977
978	first_978	middle_978	last_978
979	first_979	middle_979	last_979
980	first_980	middle_980	last_980
981	first_981	middle_981	last_981
982	first_982	middle_982	last_982
983	first_983	middle_983	last_983
984	first_984	middle_984	last_984
985	first_985	middle_985	last_985
986	first_986	middle_986	last_986
987	first_987	middle_987	last_987
988	first_988	middle_988	last_988
989	first_989	middle_989	last_989
990	first_990	middle_990	last_990
991	first_991	middle_991	last_991
992	first_992	middle_992	last_992
993	first_993	middle_993	last_993
994	first_994	middle_994	last_994
995	first_995	middle_995	last_995
996	first_996	middle_996	last_996
997	first_997	middle_997	last_997
998	first_998	middle_998	last_998
999	first_999	middle_999	last_999
1000	first_1000	middle_1000	last_1000
1001	first_1001	middle_1001	last_1001
1002	first_1002	middle_1002	last_1002
1003	first_1003	middle_1003	last_1003
1004	first_1004	middle_1004	last_1004
1005	first_1005	middle_1005	last_1005
1006	first_1006	middle_1006	last_1006
1007	first_1007	middle_1007	last_1007
1008	first_1008	middle_1008	last_1008
1009	first_1009	middle_1009	last_1009
1010	first_1010	middle_1010	last_1010
1011	first_1011	middle_1011	last_1011
1012	first_1012	middle_1012	last_1012
1013	first_1013	middle_1013	last_1013
1014	first_1014	middle_1014	last_1014
1015	first_1015	middle_1015	last_1015
1016	first_1016	middle_1016	last_1016
1017	first_1017	middle_1017	last_1017
1018	first_1018	middle_1018	last_1018
1019	first_1019	middle_1019	last_1019
1020	first_1020	middle_1020	last_1020
1021	first_1021	middle_1021	last_1021
1022	first_1022	middle_1022	last_1022
1023	first_1023	middle_1023	last_1023
1024	first_1024	middle_1024	last_1024
1025	first_1025	middle_1025	last_1025
1026	first_1026	middle_1026	last_1026
1027	first_1027	middle_1027	last_1027
1028	first_1028	middle_1028	last_1028
1029	first_1029	middle_1029	last_1029
1030	first_1030	middle_1030	last_1030
1031	first_1031	middle_1031	last_1031
1032	first_1032	middle_1032	last_1032
1033	first_1033	middle_1033	last_1033
1034	first_1034	middle_1034	last_1034
1035	first_1035	middle_1035	last_1035
1036	first_1036	middle_1036	last_1036
1037	first_1037	middle_1037	last_1037
1038	first_1038	middle_1038	last_1038
1039	first_1039	middle_1039	last_1039
1040	first_1040	middle_1040	last_1040
1041	first_1041	middle_1041	last_1041
1042	first_1042	middle_1042	last_1042
1043	first_1043	middle_1043	last_1043
1044	first_1044	middle_1044	last_1044
1045	first_1045	middle_1045	last_1045
1046	first_1046	middle_1046	last_1046
1047	first_1047	middle_1047	last_1047
1048	first_1048	middle_1048	last_1048
1049	first_1049	middle_1049	last_1049
1050	first_1050	middle_1050	last_1050
1051	first_1051	middle_1051	last_1051
1052	first_1052	middle_1052	last_1052
1053	first_1053	middle_1053	last_1053
1054	first_1054	middle_1054	last_1054
1055	first_1055	middle_1055	last_1055
1056	first_1056	middle_1056	last_1056
1057	first_1057	middle_1057	last_1057
1058	first_1058	middle_1058	last_1058
1059	first_1059	middle_1059	last_1059
1060	first_1060	middle_1060	last_1060
1061	first_1061	middle_1061	last_1061
1062	first_1062	middle_1062	last_1062
1063	first_1063	middle_1063	last_1063
1064	first_1064	middle_1064	last_1064
1065	first_1065	middle_1065	last_1065
1066	first_1066	middle_1066	last_1066
1067	first_1067	middle_1067	last_1067
1068	first_1068	middle_1068	last_1068
1069	first_1069	middle_1069	last_1069
1070	first_1070	middle_1070	last_1070
1071	first_1071	middle_1071	last_1071
1072	first_1072	middle_1072	last_1072
1073	first_1073	middle_1073	last_1073
1074	first_1074	middle_1074	last_1074
1075	first_1075	middle_1075	last_1075
1076	first_1076	middle_1076	last_1076
1077	first_1077	middle_1077	last_1077
1078	first_1078	middle_1078	last_1078
1079	first_1079	middle_1079	last_1079
1080	first_1080	middle_1080	last_1080
1081	first_1081	middle_1081	last_1081
1082	first_1082	middle_1082	last_1082
1083	first_1083	middle_1083	last_1083
1084	first_1084	middle_1084	last_1084
1085	first_1085	middle_1085	last_1085
1086	first_1086	middle_1086	last_1086
1087	first_1087	middle_1087	last_1087
1088	first_1088	middle_1088	last_1088
1089	first_1089	middle_1089	last_1089
1090	first_1090	middle_1090	last_1090
1091	first_1091	middle_1091	last_1091
1092	first_1092	middle_1092	last_1092
1093	first_1093	middle_1093	last_1093
1094	first_1094	middle_1094	last_1094
1095	first_1095	middle_1095	last_1095
1096	first_1096	middle_1096	last_1096
1097	first_1097	middle_1097	last_1097
1098	first_1098	middle_1098	last_1098
1099	first_1099	middle_1099	last_1099
1100	first_1100	middle_1100	last_1100
1101	first_1101	middle_1101	last_1101
1102	first_1102	middle_1102	last_1102
1103	first_1103	middle_1103	last_1103
1104	first_1104	middle_1104	last_1104
1105	first_1105	middle_1105	last_1105
1106	first_1106	middle_1106	last_1106
1107	first_1107	middle_1107	last_1107
1108	first_1108	middle_1108	last_1108
1109	first_1109	middle_1109	last_1109
1110	first_1110	middle_1110	last_1110
1111	first_1111	middle_1111	last_1111
1112	first_1112	middle_1112	last_1112
1113	first_1113	middle_1113	last_1113
1114	first_1114	middle_1114	last_1114
1115	first_1115	middle_1115	last_1115
1116	first_1116	middle_1116	last_1116
1117	first_1117	middle_1117	last_1117
1118	first_1118	middle_1118	last_1118
1119	first_1119	middle_1119	last_1119
1120	first_1120	middle_1120	last_1120
1121	first_1121	middle_1121	last_1121
1122	first_1122	middle_1122	last_1122
1123	first_1123	middle_1123	last_1123
1124	first_1124	middle_1124	last_1124
1125	first_1125	middle_1125	last_1125
1126	first_1126	middle_1126	last_1126
1127	first_1127	middle_1127	last_1127
1128	first_1128	middle_1128	last_1128
1129	first_1129	middle_1129	last_1129
1130	first_1130	middle_1130	last_1130
1131	first_1131	middle_1131	last_1131
1132	first_1132	middle_1132	last_1132
1133	first_1133	middle_1133	last_1133
1134	first_1134	middle_1134	last_1134
1135	first_1135	middle_1135	last_1135
1136	first_1136	middle_1136	last_1136
1137	first_1137	middle_1137	last_1137
1138	first_1138	middle_1138	last_1138
1139	first_1139	middle_1139	last_1139
1140	first_1140	middle_1140	last_1140
1141	first_1141	middle_1141	last_1141
1142	first_1142	middle_1142	last_1142
1143	first_1143	middle_1143	last_1143
1144	first_1144	middle_1144	last_1144
1145	first_1145	middle_1145	last_1145
1146	first_1146	middle_1146	last_1146
1147	first_1147	middle_1147	last_1147
1148	first_1148	middle_1148	last_1148
1149	first_1149	middle_1149	last_1149
1150	first_1150	middle_1150	last_1150
1151	first_1151	middle_1151	last_1151
1152	first_1152	middle_1152	last_1152
1153	first_1153	middle_1153	last_1153
1154	first_1154	middle_1154	last_1154
1155	first_1155	middle_1155	last_1155
1156	first_1156	middle_1156	last_1156
1157	first_1157	middle_1157	last_1157
1158	first_1158	middle_1158	last_1158
1159	first_1159	middle_1159	last_1159
1160	first_1160	middle_1160	last_1160
1161	first_1161	middle_1161	last_1161
1162	first_1162	middle_1162	last_1162
1163	first_1163	middle_1163	last_1163
1164	first_1164	middle_1164	last_1164
1165	first_1165	middle_1165	last_1165
1166	first_1166	middle_1166	last_1166
1167	first_1167	middle_1167	last_1167
1168	first_1168	middle_1168	last_1168
1169	first_1169	middle_1169	last_1169
1170	first_1170	middle_1170	last_1170
1171	first_1171	middle_1171	last_1171
1172	first_1172	middle_1172	last_1172
1173	first_1173	middle_1173	last_1173
1174	first_1174	middle_1174	last_1174
1175	first_1175	middle_1175	last_1175
1176	first_1176	middle_1176	last_1176
1177	first_1177	middle_1177	last_1177
1178	first_1178	middle_1178	last_1178
1179	first_1179	middle_1179	last_1179
1180	first_1180	middle_1180	last_1180
1181	first_1181	middle_1181	last_1181
1182	first_1182	middle_1182	last_1182
1183	first_1183	middle_1183	last_1183
1184	first_1184	middle_1184	last_1184
1185	first_1185	middle_1185	last_1185
1186	first_1186	middle_1186	last_1186
1187	first_1187	middle_1187	last_1187
1188	first_1188	middle_1188	last_1188
1189	first_1189	middle_1189	last_1189
1190	first_1190	middle_1190	last_1190
1191	first_1191	middle_1191	last_1191
1192	first_1192	middle_1192	last_1192
1193	first_1193	middle_1193	last_1193
1194	first_1194	middle_1194	last_1194
1195	first_1195	middle_1195	last_1195
1196	first_1196	middle_1196	last_1196
1197	first_1197	middle_1197	last_1197
1198	first_1198	middle_1198	last_1198
1199	first_1199	middle_1199	last_1199
1200	first_1200	middle_1200	last_1200
1201	first_1201	middle_1201	last_1201
1202	first_1202	middle_1202	last_1202
1203	first_1203	middle_1203	last_1203
1204	first_1204	middle_1204	last_1204
1205	first_1205	middle_1205	last_1205
1206	first_1206	middle_1206	last_1206
1207	first_1207	middle_1207	last_1207
1208	first_1208	middle_1208	last_1208
1209	first_1209	middle_1209	last_1209
1210	first_1210	middle_1210	last_1210
1211	first_1211	middle_1211	last_1211
1212	first_1212	middle_1212	last_1212
1213	first_1213	middle_1213	last_1213
1214	first_1214	middle_1214	last_1214
1215	first_1215	middle_1215	last_1215
1216	first_1216	middle_1216	last_1216
1217	first_1217	middle_1217	last_1217
1218	first_1218	middle_1218	last_1218
1219	first_1219	middle_1219	last_1219
1220	first_1220	middle_1220	last_1220
1221	first_1221	middle_1221	last_1221
1222	first_1222	middle_1222	last_1222
1223	first_1223	middle_1223	last_1223
1224	first_1224	middle_1224	last_1224
1225	first_1225	middle_1225	last_1225
1226	first_1226	middle_1226	last_1226
1227	first_1227	middle_1227	last_1227
1228	first_1228	middle_1228	last_1228
1229	first_1229	middle_1229	last_1229
1230	first_1230	middle_1230	last_1230
1231	first_1231	middle_1231	last_1231
1232	first_1232	middle_1232	last_1232
1233	first_1233	middle_1233	last_1233
1234	first_1234	middle_1234	last_1234
1235	first_1235	middle_1235	last_1235
1236	first_1236	middle_1236	last_1236
1237	first_1237	middle_1237	last_1237
1238	first_1238	middle_1238	last_1238
1239	first_1239	middle_1239	last_1239
1240	first_1240	middle_1240	last_1240
1241	first_1241	middle_1241	last_1241
1242	first_1242	middle_1242	last_1242
1243	first_1243	middle_1243	last_1243
1244	first_1244	middle_1244	last_1244
1245	first_1245	middle_1245	last_1245
1246	first_1246	middle_1246	last_1246
1247	first_1247	middle_1247	last_1247
1248	first_1248	middle_1248	last_1248
1249	first_1249	middle_1249	last_1249
1250	first_1250	middle_1250	last_1250
1251	first_1251	middle_1251	last_1251
1252	first_1252	middle_1252	last_1252
1253	first_1253	middle_1253	last_1253
1254	first_1254	middle_1254	last_1254
1255	first_1255	middle_1255	last_1255
1256	first_1256	middle_1256	last_1256
1257	first_1257	middle_1257	last_1257
1258	first_1258	middle_1258	last_1258
1259	first_1259	middle_1259	last_1259
1260	first_1260	middle_1260	last_1260
1261	first_1261	middle_1261	last_1261
1262	first_1262	middle_1262	last_1262
1263	first_1263	middle_1263	last_1263
1264	first_1264	middle_1264	last_1264
1265	first_1265	middle_1265	last_1265
1266	first_1266	middle_1266	last_1266
1267	first_1267	middle_1267	last_1267
1268	first_1268	middle_1268	last_1268
1269	first_1269	middle_1269	last_1269
1270	first_1270	middle_1270	last_1270
1271	first_1271	middle_1271	last_1271
1272	first_1272	middle_1272	last_1272
1273	first_1273	middle_1273	last_1273
1274	first_1274	middle_1274	last_1274
1275	first_1275	middle_1275	last_1275
1276	first_1276	middle_1276	last_1276
1277	first_1277	middle_1277	last_1277
1278	first_1278	middle_1278	last_1278
1279	first_1279	middle_1279	last_1279
1280	first_1280	middle_1280	last_1280
1281	first_1281	middle_1281	last_1281
1282	first_1282	middle_1282	last_1282
1283	first_1283	middle_1283	last_1283
1284	first_1284	middle_1284	last_1284
1285	first_1285	middle_1285	last_1285
1286	first_1286	middle_1286	last_1286
1287	first_1287	middle_1287	last_1287
1288	first_1288	middle_1288	last_1288
1289	first_1289	middle_1289	last_1289
1290	first_1290	middle_1290	last_1290
1291	first_1291	middle_1291	last_1291
1292	first_1292	middle_1292	last_1292
1293	first_1293	middle_1293	last_1293
1294	first_1294	middle_1294	last_1294
1295	first_1295	middle_1295	last_1295
1296	first_1296	middle_1296	last_1296
1297	first_1297	middle_1297	last_1297
1298	first_1298	middle_1298	last_1298
1299	first_1299	middle_1299	last_1299
1300	first_1300	middle_1300	last_1300
1301	first_1301	middle_1301	last_1301
1302	first_1302	middle_1302	last_1302
1303	first_1303	middle_1303	last_1303
1304	first_1304	middle_1304	last_1304
1305	first_1305	middle_1305	last_1305
1306	first_1306	middle_1306	last_1306
1307	first_1307	middle_1307	last_1307
1308	first_1308	middle_1308	last_1308
1309	first_1309	middle_1309	last_1309
1310	first_1310	middle_1310	last_1310
1311	first_1311	middle_1311	last_1311
1312	first_1312	middle_1312	last_1312
1313	first_1313	middle_1313	last_1313
1314	first_1314	middle_1314	last_1314
1315	first_1315	middle_1315	last_1315
1316	first_1316	middle_1316	last_1316
1317	first_1317	middle_1317	last_1317
1318	first_1318	middle_1318	last_1318
1319	first_1319	middle_1319	last_1319
1320	first_1320	middle_1320	last_1320
1321	first_1321	middle_1321	last_1321
1322	first_1322	middle_1322	last_1322
1323	first_1323	middle_1323	last_1323
1324	first_1324	middle_1324	last_1324
1325	first_1325	middle_1325	last_1325
1326	first_1326	middle_1326	last_1326
1327	first_1327	middle_1327	last_1327
1328	first_1328	middle_1328	last_1328
1329	first_1329	middle_1329	last_1329
1330	first_1330	middle_1330	last_1330
1331	first_1331	middle_1331	last_1331
1332	first_1332	middle_1332	last_1332
1333	first_1333	middle_1333	last_1333
1334	first_1334	middle_1334	last_1334
1335	first_1335	middle_1335	last_1335
1336	first_1336	middle_1336	last_1336
1337	first_1337	middle_1337	last_1337
1338	first_1338	middle_1338	last_1338
1339	first_1339	middle_1339	last_1339
1340	first_1340	middle_1340	last_1340
1341	first_1341	middle_1341	last_1341
1342	first_1342	middle_1342	last_1342
1343	first_1343	middle_1343	last_1343
1344	first_1344	middle_1344	last_1344
1345	first_1345	middle_1345	last_1345
1346	first_1346	middle_1346	last_1346
1347	first_1347	middle_1347	last_1347
1348	first_1348	middle_1348	last_1348
1349	first_1349	middle_1349	last_1349
1350	first_1350	middle_1350	last_1350
1351	first_1351	middle_1351	last_1351
1352	first_1352	middle_1352	last_1352
1353	first_1353	middle_1353	last_1353
1354	first_1354	middle_1354	last_1354
1355	first_1355	middle_1355	last_1355
1356	first_1356	middle_1356	last_1356
1357	first_1357	middle_1357	last_1357
1358	first_1358	middle_1358	last_1358
1359	first_1359	middle_1359	last_1359
1360	first_1360	middle_1360	last_1360
1361	first_1361	middle_1361	last_1361
1362	first_1362	middle_1362	last_1362
1363	first_1363	middle_1363	last_1363
1364	first_1364	middle_1364	last_1364
1365	first_1365	middle_1365	last_1365
1366	first_1366	middle_1366	last_1366
1367	first_1367	middle_1367	last_1367
1368	first_1368	middle_1368	last_1368
1369	first_1369	middle_1369	last_1369
1370	first_1370	middle_1370	last_1370
1371	first_1371	middle_1371	last_1371
1372	first_1372	middle_1372	last_1372
1373	first_1373	middle_1373	last_1373
1374	first_1374	middle_1374	last_1374
1375	first_1375	middle_1375	last_1375
1376	first_1376	middle_1376	last_1376
1377	first_1377	middle_1377	last_1377
1378	first_1378	middle_1378	last_1378
1379	first_1379	middle_1379	last_1379
1380	first_1380	middle_1380	last_1380
1381	first_1381	middle_1381	last_1381
1382	first_1382	middle_1382	last_1382
1383	first_1383	middle_1383	last_1383
1384	first_1384	middle_1384	last_1384
1385	first_1385	middle_1385	last_1385
1386	first_1386	middle_1386	last_1386
1387	first_1387	middle_1387	last_1387
1388	first_1388	middle_1388	last_1388
1389	first_1389	middle_1389	last_1389
1390	first_1390	middle_1390	last_1390
1391	first_1391	middle_1391	last_1391
1392	first_1392	middle_1392	last_1392
1393	first_1393	middle_1393	last_1393
1394	first_1394	middle_1394	last_1394
1395	first_1395	middle_1395	last_1395
1396	first_1396	middle_1396	last_1396
1397	first_1397	middle_1397	last_1397
1398	first_1398	middle_1398	last_1398
1399	first_1399	middle_1399	last_1399
1400	first_1400	middle_1400	last_1400
1401	first_1401	middle_1401	last_1401
1402	first_1402	middle_1402	last_1402
1403	first_1403	middle_1403	last_1403
1404	first_1404	middle_1404	last_1404
1405	first_1405	middle_1405	last_1405
1406	first_1406	middle_1406	last_1406
1407	first_1407	middle_1407	last_1407
1408	first_1408	middle_1408	last_1408
1409	first_1409	middle_1409	last_1409
1410	first_1410	middle_1410	last_1410
1411	first_1411	middle_1411	last_1411
1412	first_1412	middle_1412	last_1412
1413	first_1413	middle_1413	last_1413
1414	first_1414	middle_1414	last_1414
1415	first_1415	middle_1415	last_1415
1416	first_1416	middle_1416	last_1416
1417	first_1417	middle_1417	last_1417
1418	first_1418	middle_1418	last_1418
1419	first_1419	middle_1419	last_1419
1420	first_1420	middle_1420	last_1420
1421	first_1421	middle_1421	last_1421
1422	first_1422	middle_1422	last_1422
1423	first_1423	middle_1423	last_1423
1424	first_1424	middle_1424	last_1424
1425	first_1425	middle_1425	last_1425
1426	first_1426	middle_1426	last_1426
1427	first_1427	middle_1427	last_1427
1428	first_1428	middle_1428	last_1428
1429	first_1429	middle_1429	last_1429
1430	first_1430	middle_1430	last_1430
1431	first_1431	middle_1431	last_1431
1432	first_1432	middle_1432	last_1432
1433	first_1433	middle_1433	last_1433
1434	first_1434	middle_1434	last_1434
1435	first_1435	middle_1435	last_1435
1436	first_1436	middle_1436	last_1436
1437	first_1437	middle_1437	last_1437
1438	first_1438	middle_1438	last_1438
1439	first_1439	middle_1439	last_1439
1440	first_1440	middle_1440	last_1440
1441	first_1441	middle_1441	last_1441
1442	first_1442	middle_1442	last_1442
1443	first_1443	middle_1443	last_1443
1444	first_1444	middle_1444	last_1444
1445	first_1445	middle_1445	last_1445
1446	first_1446	middle_1446	last_1446
1447	first_1447	middle_1447	last_1447
1448	first_1448	middle_1448	last_1448
1449	first_1449	middle_1449	last_1449
1450	first_1450	middle_1450	last_1450
1451	first_1451	middle_1451	last_1451
1452	first_1452	middle_1452	last_1452
1453	first_1453	middle_1453	last_1453
1454	first_1454	middle_1454	last_1454
1455	first_1455	middle_1455	last_1455
1456	first_1456	middle_1456	last_1456
1457	first_1457	middle_1457	last_1457
1458	first_1458	middle_1458	last_1458
1459	first_1459	middle_1459	last_1459
1460	first_1460	middle_1460	last_1460
1461	first_1461	middle_1461	last_1461
1462	first_1462	middle_1462	last_1462
1463	first_1463	middle_1463	last_1463
1464	first_1464	middle_1464	last_1464
1465	first_1465	middle_1465	last_1465
1466	first_1466	middle_1466	last_1466
1467	first_1467	middle_1467	last_1467
1468	first_1468	middle_1468	last_1468
1469	first_1469	middle_1469	last_1469
1470	first_1470	middle_1470	last_1470
1471	first_1471	middle_1471	last_1471
1472	first_1472	middle_1472	last_1472
1473	first_1473	middle_1473	last_1473
1474	first_1474	middle_1474	last_1474
1475	first_1475	middle_1475	last_1475
1476	first_1476	middle_1476	last_1476
1477	first_1477	middle_1477	last_1477
1478	first_1478	middle_1478	last_1478
1479	first_1479	middle_1479	last_1479
1480	first_1480	middle_1480	last_1480
1481	first_1481	middle_1481	last_1481
1482	first_1482	middle_1482	last_1482
1483	first_1483	middle_1483	last_1483
1484	first_1484	middle_1484	last_1484
1485	first_1485	middle_1485	last_1485
1486	first_1486	middle_1486	last_1486
1487	first_1487	middle_1487	last_1487
1488	first_1488	middle_1488	last_1488
1489	first_1489	middle_1489	last_1489
1490	first_1490	middle_1490	last_1490
1491	first_1491	middle_1491	last_1491
1492	first_1492	middle_1492	last_1492
1493	first_1493	middle_1493	last_1493
1494	first_1494	middle_1494	last_1494
1495	first_1495	middle_1495	last_1495
1496	first_1496	middle_1496	last_1496
1497	first_1497	middle_1497	last_1497
1498	first_1498	middle_1498	last_1498
1499	first_1499	middle_1499	last_1499
1500	first_1500	middle_1500	last_1500
1501	first_1501	middle_1501	last_1501
1502	first_1502	middle_1502	last_1502
1503	first_1503	middle_1503	last_1503
1504	first_1504	middle_1504	last_1504
1505	first_1505	middle_1505	last_1505
1506	first_1506	middle_1506	last_1506
1507	first_1507	middle_1507	last_1507
1508	first_1508	middle_1508	last_1508
1509	first_1509	middle_1509	last_1509
1510	first_1510	middle_1510	last_1510
1511	first_1511	middle_1511	last_1511
1512	first_1512	middle_1512	last_1512
1513	first_1513	middle_1513	last_1513
1514	first_1514	middle_1514	last_1514
1515	first_1515	middle_1515	last_1515
1516	first_1516	middle_1516	last_1516
1517	first_1517	middle_1517	last_1517
1518	first_1518	middle_1518	last_1518
1519	first_1519	middle_1519	last_1519
1520	first_1520	middle_1520	last_1520
1521	first_1521	middle_1521	last_1521
1522	first_1522	middle_1522	last_1522
1523	first_1523	middle_1523	last_1523
1524	first_1524	middle_1524	last_1524
1525	first_1525	middle_1525	last_1525
1526	first_1526	middle_1526	last_1526
1527	first_1527	middle_1527	last_1527
1528	first_1528	middle_1528	last_1528
1529	first_1529	middle_1529	last_1529
1530	first_1530	middle_1530	last_1530
1531	first_1531	middle_1531	last_1531
1532	first_1532	middle_1532	last_1532
1533	first_1533	middle_1533	last_1533
1534	first_1534	middle_1534	last_1534
1535	first_1535	middle_1535	last_1535
1536	first_1536	middle_1536	last_1536
1537	first_1537	middle_1537	last_1537
1538	first_1538	middle_1538	last_1538
1539	first_1539	middle_1539	last_1539
1540	first_1540	middle_1540	last_1540
1541	first_1541	middle_1541	last_1541
1542	first_1542	middle_1542	last_1542
1543	first_1543	middle_1543	last_1543
1544	first_1544	middle_1544	last_1544
1545	first_1545	middle_1545	last_1545
1546	first_1546	middle_1546	last_1546
1547	first_1547	middle_1547	last_1547
1548	first_1548	middle_1548	last_1548
1549	first_1549	middle_1549	last_1549
1550	first_1550	middle_1550	last_1550
1551	first_1551	middle_1551	last_1551
1552	first_1552	middle_1552	last_1552
1553	first_1553	middle_1553	last_1553
1554	first_1554	middle_1554	last_1554
1555	first_1555	middle_1555	last_1555
1556	first_1556	middle_1556	last_1556
1557	first_1557	middle_1557	last_1557
1558	first_1558	middle_1558	last_1558
1559	first_1559	middle_1559	last_1559
1560	first_1560	middle_1560	last_1560
1561	first_1561	middle_1561	last_1561
1562	first_1562	middle_1562	last_1562
1563	first_1563	middle_1563	last_1563
1564	first_1564	middle_1564	last_1564
1565	first_1565	middle_1565	last_1565
1566	first_1566	middle_1566	last_1566
1567	first_1567	middle_1567	last_1567
1568	first_1568	middle_1568	last_1568
1569	first_1569	middle_1569	last_1569
1570	first_1570	middle_1570	last_1570
1571	first_1571	middle_1571	last_1571
1572	first_1572	middle_1572	last_1572
1573	first_1573	middle_1573	last_1573
1574	first_1574	middle_1574	last_1574
1575	first_1575	middle_1575	last_1575
1576	first_1576	middle_1576	last_1576
1577	first_1577	middle_1577	last_1577
1578	first_1578	middle_1578	last_1578
1579	first_1579	middle_1579	last_1579
1580	first_1580	middle_1580	last_1580
1581	first_1581	middle_1581	last_1581
1582	first_1582	middle_1582	last_1582
1583	first_1583	middle_1583	last_1583
1584	first_1584	middle_1584	last_1584
1585	first_1585	middle_1585	last_1585
1586	first_1586	middle_1586	last_1586
1587	first_1587	middle_1587	last_1587
1588	first_1588	middle_1588	last_1588
1589	first_1589	middle_1589	last_1589
1590	first_1590	middle_1590	last_1590
1591	first_1591	middle_1591	last_1591
1592	first_1592	middle_1592	last_1592
1593	first_1593	middle_1593	last_1593
1594	first_1594	middle_1594	last_1594
1595	first_1595	middle_1595	last_1595
1596	first_1596	middle_1596	last_1596
1597	first_1597	middle_1597	last_1597
1598	first_1598	middle_1598	last_1598
1599	first_1599	middle_1599	last_1599
1600	first_1600	middle_1600	last_1600
1601	first_1601	middle_1601	last_1601
1602	first_1602	middle_1602	last_1602
1603	first_1603	middle_1603	last_1603
1604	first_1604	middle_1604	last_1604
1605	first_1605	middle_1605	last_1605
1606	first_1606	middle_1606	last_1606
1607	first_1607	middle_1607	last_1607
1608	first_1608	middle_1608	last_1608
1609	first_1609	middle_1609	last_1609
1610	first_1610	middle_1610	last_1610
1611	first_1611	middle_1611	last_1611
1612	first_1612	middle_1612	last_1612
1613	first_1613	middle_1613	last_1613
1614	first_1614	middle_1614	last_1614
1615	first_1615	middle_1615	last_1615
1616	first_1616	middle_1616	last_1616
1617	first_1617	middle_1617	last_1617
1618	first_1618	middle_1618	last_1618
1619	first_1619	middle_1619	last_1619
1620	first_1620	middle_1620	last_1620
1621	first_1621	middle_1621	last_1621
1622	first_1622	middle_1622	last_1622
1623	first_1623	middle_1623	last_1623
1624	first_1624	middle_1624	last_1624
1625	first_1625	middle_1625	last_1625
1626	first_1626	middle_1626	last_1626
1627	first_1627	middle_1627	last_1627
1628	first_1628	middle_1628	last_1628
1629	first_1629	middle_1629	last_1629
1630	first_1630	middle_1630	last_1630
1631	first_1631	middle_1631	last_1631
1632	first_1632	middle_1632	last_1632
1633	first_1633	middle_1633	last_1633
1634	first_1634	middle_1634	last_1634
1635	first_1635	middle_1635	last_1635
1636	first_1636	middle_1636	last_1636
1637	first_1637	middle_1637	last_1637
1638	first_1638	middle_1638	last_1638
1639	first_1639	middle_1639	last_1639
1640	first_1640	middle_1640	last_1640
1641	first_1641	middle_1641	last_1641
1642	first_1642	middle_1642	last_1642
1643	first_1643	middle_1643	last_1643
1644	first_1644	middle_1644	last_1644
1645	first_1645	middle_1645	last_1645
1646	first_1646	middle_1646	last_1646
1647	first_1647	middle_1647	last_1647
1648	first_1648	middle_1648	last_1648
1649	first_1649	middle_1649	last_1649
1650	first_1650	middle_1650	last_1650
1651	first_1651	middle_1651	last_1651
1652	first_1652	middle_1652	last_1652
1653	first_1653	middle_1653	last_1653
1654	first_1654	middle_1654	last_1654
1655	first_1655	middle_1655	last_1655
1656	first_1656	middle_1656	last_1656
1657	first_1657	middle_1657	last_1657
1658	first_1658	middle_1658	last_1658
1659	first_1659	middle_1659	last_1659
1660	first_1660	middle_1660	last_1660
1661	first_1661	middle_1661	last_1661
1662	first_1662	middle_1662	last_1662
1663	first_1663	middle_1663	last_1663
1664	first_1664	middle_1664	last_1664
1665	first_1665	middle_1665	last_1665
1666	first_1666	middle_1666	last_1666
1667	first_1667	middle_1667	last_1667
1668	first_1668	middle_1668	last_1668
1669	first_1669	middle_1669	last_1669
1670	first_1670	middle_1670	last_1670
1671	first_1671	middle_1671	last_1671
1672	first_1672	middle_1672	last_1672
1673	first_1673	middle_1673	last_1673
1674	first_1674	middle_1674	last_1674
1675	first_1675	middle_1675	last_1675
1676	first_1676	middle_1676	last_1676
1677	first_1677	middle_1677	last_1677
1678	first_1678	middle_1678	last_1678
1679	first_1679	middle_1679	last_1679
1680	first_1680	middle_1680	last_1680
1681	first_1681	middle_1681	last_1681
1682	first_1682	middle_1682	last_1682
1683	first_1683	middle_1683	last_1683
1684	first_1684	middle_1684	last_1684
1685	first_1685	middle_1685	last_1685
1686	first_1686	middle_1686	last_1686
1687	first_1687	middle_1687	last_1687
1688	first_1688	middle_1688	last_1688
1689	first_1689	middle_1689	last_1689
1690	first_1690	middle_1690	last_1690
1691	first_1691	middle_1691	last_1691
1692	first_1692	middle_1692	last_1692
1693	first_1693	middle_1693	last_1693
1694	first_1694	middle_1694	last_1694
1695	first_1695	middle_1695	last_1695
1696	first_1696	middle_1696	last_1696
1697	first_1697	middle_1697	last_1697
1698	first_1698	middle_1698	last_1698
1699	first_1699	middle_1699	last_1699
1700	first_1700	middle_1700	last_1700
1701	first_1701	middle_1701	last_1701
1702	first_1702	middle_1702	last_1702
1703	first_1703	middle_1703	last_1703
1704	first_1704	middle_1704	last_1704
1705	first_1705	middle_1705	last_1705
1706	first_1706	middle_1706	last_1706
1707	first_1707	middle_1707	last_1707
1708	first_1708	middle_1708	last_1708
1709	first_1709	middle_1709	last_1709
1710	first_1710	middle_1710	last_1710
1711	first_1711	middle_1711	last_1711
1712	first_1712	middle_1712	last_1712
1713	first_1713	middle_1713	last_1713
1714	first_1714	middle_1714	last_1714
1715	first_1715	middle_1715	last_1715
1716	first_1716	middle_1716	last_1716
1717	first_1717	middle_1717	last_1717
1718	first_1718	middle_1718	last_1718
1719	first_1719	middle_1719	last_1719
1720	first_1720	middle_1720	last_1720
1721	first_1721	middle_1721	last_1721
1722	first_1722	middle_1722	last_1722
1723	first_1723	middle_1723	last_1723
1724	first_1724	middle_1724	last_1724
1725	first_1725	middle_1725	last_1725
1726	first_1726	middle_1726	last_1726
1727	first_1727	middle_1727	last_1727
1728	first_1728	middle_1728	last_1728
1729	first_1729	middle_1729	last_1729
1730	first_1730	middle_1730	last_1730
1731	first_1731	middle_1731	last_1731
1732	first_1732	middle_1732	last_1732
1733	first_1733	middle_1733	last_1733
1734	first_1734	middle_1734	last_1734
1735	first_1735	middle_1735	last_1735
1736	first_1736	middle_1736	last_1736
1737	first_1737	middle_1737	last_1737
1738	first_1738	middle_1738	last_1738
1739	first_1739	middle_1739	last_1739
1740	first_1740	middle_1740	last_1740
1741	first_1741	middle_1741	last_1741
1742	first_1742	middle_1742	last_1742
1743	first_1743	middle_1743	last_1743
1744	first_1744	middle_1744	last_1744
1745	first_1745	middle_1745	last_1745
1746	first_1746	middle_1746	last_1746
1747	first_1747	middle_1747	last_1747
1748	first_1748	middle_1748	last_1748
1749	first_1749	middle_1749	last_1749
1750	first_1750	middle_1750	last_1750
1751	first_1751	middle_1751	last_1751
1752	first_1752	middle_1752	last_1752
1753	first_1753	middle_1753	last_1753
1754	first_1754	middle_1754	last_1754
1755	first_1755	middle_1755	last_1755
1756	first_1756	middle_1756	last_1756
1757	first_1757	middle_1757	last_1757
1758	first_1758	middle_1758	last_1758
1759	first_1759	middle_1759	last_1759
1760	first_1760	middle_1760	last_1760
1761	first_1761	middle_1761	last_1761
1762	first_1762	middle_1762	last_1762
1763	first_1763	middle_1763	last_1763
1764	first_1764	middle_1764	last_1764
1765	first_1765	middle_1765	last_1765
1766	first_1766	middle_1766	last_1766
1767	first_1767	middle_1767	last_1767
1768	first_1768	middle_1768	last_1768
1769	first_1769	middle_1769	last_1769
1770	first_1770	middle_1770	last_1770
1771	first_1771	middle_1771	last_1771
1772	first_1772	middle_1772	last_1772
1773	first_1773	middle_1773	last_1773
1774	first_1774	middle_1774	last_1774
1775	first_1775	middle_1775	last_1775
1776	first_1776	middle_1776	last_1776
1777	first_1777	middle_1777	last_1777
1778	first_1778	middle_1778	last_1778
1779	first_1779	middle_1779	last_1779
1780	first_1780	middle_1780	last_1780
1781	first_1781	middle_1781	last_1781
1782	first_1782	middle_1782	last_1782
1783	first_1783	middle_1783	last_1783
1784	first_1784	middle_1784	last_1784
1785	first_1785	middle_1785	last_1785
1786	first_1786	middle_1786	last_1786
1787	first_1787	middle_1787	last_1787
1788	first_1788	middle_1788	last_1788
1789	first_1789	middle_1789	last_1789
1790	first_1790	middle_1790	last_1790
1791	first_1791	middle_1791	last_1791
1792	first_1792	middle_1792	last_1792
1793	first_1793	middle_1793	last_1793
1794	first_1794	middle_1794	last_1794
1795	first_1795	middle_1795	last_1795
1796	first_1796	middle_1796	last_1796
1797	first_1797	middle_1797	last_1797
1798	first_1798	middle_1798	last_1798
1799	first_1799	middle_1799	last_1799
1800	first_1800	middle_1800	last_1800
1801	first_1801	middle_1801	last_1801
1802	first_1802	middle_1802	last_1802
1803	first_1803	middle_1803	last_1803
1804	first_1804	middle_1804	last_1804
1805	first_1805	middle_1805	last_1805
1806	first_1806	middle_1806	last_1806
1807	first_1807	middle_1807	last_1807
1808	first_1808	middle_1808	last_1808
1809	first_1809	middle_1809	last_1809
1810	first_1810	middle_1810	last_1810
1811	first_1811	middle_1811	last_1811
1812	first_1812	middle_1812	last_1812
1813	first_1813	middle_1813	last_1813
1814	first_1814	middle_1814	last_1814
1815	first_1815	middle_1815	last_1815
1816	first_1816	middle_1816	last_1816
1817	first_1817	middle_1817	last_1817
1818	first_1818	middle_1818	last_1818
1819	first_1819	middle_1819	last_1819
1820	first_1820	middle_1820	last_1820
1821	first_1821	middle_1821	last_1821
1822	first_1822	middle_1822	last_1822
1823	first_1823	middle_1823	last_1823
1824	first_1824	middle_1824	last_1824
1825	first_1825	middle_1825	last_1825
1826	first_1826	middle_1826	last_1826
1827	first_1827	middle_1827	last_1827
1828	first_1828	middle_1828	last_1828
1829	first_1829	middle_1829	last_1829
1830	first_1830	middle_1830	last_1830
1831	first_1831	middle_1831	last_1831
1832	first_1832	middle_1832	last_1832
1833	first_1833	middle_1833	last_1833
1834	first_1834	middle_1834	last_1834
1835	first_1835	middle_1835	last_1835
1836	first_1836	middle_1836	last_1836
1837	first_1837	middle_1837	last_1837
1838	first_1838	middle_1838	last_1838
1839	first_1839	middle_1839	last_1839
1840	first_1840	middle_1840	last_1840
1841	first_1841	middle_1841	last_1841
1842	first_1842	middle_1842	last_1842
1843	first_1843	middle_1843	last_1843
1844	first_1844	middle_1844	last_1844
1845	first_1845	middle_1845	last_1845
1846	first_1846	middle_1846	last_1846
1847	first_1847	middle_1847	last_1847
1848	first_1848	middle_1848	last_1848
1849	first_1849	middle_1849	last_1849
1850	first_1850	middle_1850	last_1850
1851	first_1851	middle_1851	last_1851
1852	first_1852	middle_1852	last_1852
1853	first_1853	middle_1853	last_1853
1854	first_1854	middle_1854	last_1854
1855	first_1855	middle_1855	last_1855
1856	first_1856	middle_1856	last_1856
1857	first_1857	middle_1857	last_1857
1858	first_1858	middle_1858	last_1858
1859	first_1859	middle_1859	last_1859
1860	first_1860	middle_1860	last_1860
1861	first_1861	middle_1861	last_1861
1862	first_1862	middle_1862	last_1862
1863	first_1863	middle_1863	last_1863
1864	first_1864	middle_1864	last_1864
1865	first_1865	middle_1865	last_1865
1866	first_1866	middle_1866	last_1866
1867	first_1867	middle_1867	last_1867
1868	first_1868	middle_1868	last_1868
1869	first_1869	middle_1869	last_1869
1870	first_1870	middle_1870	last_1870
1871	first_1871	middle_1871	last_1871
1872	first_1872	middle_1872	last_1872
1873	first_1873	middle_1873	last_1873
1874	first_1874	middle_1874	last_1874
1875	first_1875	middle_1875	last_1875
1876	first_1876	middle_1876	last_1876
1877	first_1877	middle_1877	last_1877
1878	first_1878	middle_1878	last_1878
1879	first_1879	middle_1879	last_1879
1880	first_1880	middle_1880	last_1880
1881	first_1881	middle_1881	last_1881
1882	first_1882	middle_1882	last_1882
1883	first_1883	middle_1883	last_1883
1884	first_1884	middle_1884	last_1884
1885	first_1885	middle_1885	last_1885
1886	first_1886	middle_1886	last_1886
1887	first_1887	middle_1887	last_1887
1888	first_1888	middle_1888	last_1888
1889	first_1889	middle_1889	last_1889
1890	first_1890	middle_1890	last_1890
1891	first_1891	middle_1891	last_1891
1892	first_1892	middle_1892	last_1892
1893	first_1893	middle_1893	last_1893
1894	first_1894	middle_1894	last_1894
1895	first_1895	middle_1895	last_1895
1896	first_1896	middle_1896	last_1896
1897	first_1897	middle_1897	last_1897
1898	first_1898	middle_1898	last_1898
1899	first_1899	middle_1899	last_1899
1900	first_1900	middle_1900	last_1900
1901	first_1901	middle_1901	last_1901
1902	first_1902	middle_1902	last_1902
1903	first_1903	middle_1903	last_1903
1904	first_1904	middle_1904	last_1904
1905	first_1905	middle_1905	last_1905
1906	first_1906	middle_1906	last_1906
1907	first_1907	middle_1907	last_1907
1908	first_1908	middle_1908	last_1908
1909	first_1909	middle_1909	last_1909
1910	first_1910	middle_1910	last_1910
1911	first_1911	middle_1911	last_1911
1912	first_1912	middle_1912	last_1912
1913	first_1913	middle_1913	last_1913
1914	first_1914	middle_1914	last_1914
1915	first_1915	middle_1915	last_1915
1916	first_1916	middle_1916	last_1916
1917	first_1917	middle_1917	last_1917
1918	first_1918	middle_1918	last_1918
1919	first_1919	middle_1919	last_1919
1920	first_1920	middle_1920	last_1920
1921	first_1921	middle_1921	last_1921
1922	first_1922	middle_1922	last_1922
1923	first_1923	middle_1923	last_1923
1924	first_1924	middle_1924	last_1924
1925	first_1925	middle_1925	last_1925
1926	first_1926	middle_1926	last_1926
1927	first_1927	middle_1927	last_1927
1928	first_1928	middle_1928	last_1928
1929	first_1929	middle_1929	last_1929
1930	first_1930	middle_1930	last_1930
1931	first_1931	middle_1931	last_1931
1932	first_1932	middle_1932	last_1932
1933	first_1933	middle_1933	last_1933
1934	first_1934	middle_1934	last_1934
1935	first_1935	middle_1935	last_1935
1936	first_1936	middle_1936	last_1936
1937	first_1937	middle_1937	last_1937
1938	first_1938	middle_1938	last_1938
1939	first_1939	middle_1939	last_1939
1940	first_1940	middle_1940	last_1940
1941	first_1941	middle_1941	last_1941
1942	first_1942	middle_1942	last_1942
1943	first_1943	middle_1943	last_1943
1944	first_1944	middle_1944	last_1944
1945	first_1945	middle_1945	last_1945
1946	first_1946	middle_1946	last_1946
1947	first_1947	middle_1947	last_1947
1948	first_1948	middle_1948	last_1948
1949	first_1949	middle_1949	last_1949
1950	first_1950	middle_1950	last_1950
1951	first_1951	middle_1951	last_1951
1952	first_1952	middle_1952	last_1952
1953	first_1953	middle_1953	last_1953
1954	first_1954	middle_1954	last_1954
1955	first_1955	middle_1955	last_1955
1956	first_1956	middle_1956	last_1956
1957	first_1957	middle_1957	last_1957
1958	first_1958	middle_1958	last_1958
1959	first_1959	middle_1959	last_1959
1960	first_1960	middle_1960	last_1960
1961	first_1961	middle_1961	last_1961
1962	first_1962	middle_1962	last_1962
1963	first_1963	middle_1963	last_1963
1964	first_1964	middle_1964	last_1964
1965	first_1965	middle_1965	last_1965
1966	first_1966	middle_1966	last_1966
1967	first_1967	middle_1967	last_1967
1968	first_1968	middle_1968	last_1968
1969	first_1969	middle_1969	last_1969
1970	first_1970	middle_1970	last_1970
1971	first_1971	middle_1971	last_1971
1972	first_1972	middle_1972	last_1972
1973	first_1973	middle_1973	last_1973
1974	first_1974	middle_1974	last_1974
1975	first_1975	middle_1975	last_1975
1976	first_1976	middle_1976	last_1976
1977	first_1977	middle_1977	last_1977
1978	first_1978	middle_1978	last_1978
1979	first_1979	middle_1979	last_1979
1980	first_1980	middle_1980	last_1980
1981	first_1981	middle_1981	last_1981
1982	first_1982	middle_1982	last_1982
1983	first_1983	middle_1983	last_1983
1984	first_1984	middle_1984	last_1984
1985	first_1985	middle_1985	last_1985
1986	first_1986	middle_1986	last_1986
1987	first_1987	middle_1987	last_1987
1988	first_1988	middle_1988	last_1988
1989	first_1989	middle_1989	last_1989
1990	first_1990	middle_1990	last_1990
1991	first_1991	middle_1991	last_1991
1992	first_1992	middle_1992	last_1992
1993	first_1993	middle_1993	last_1993
1994	first_1994	middle_1994	last_1994
1995	first_1995	middle_1995	last_1995
1996	first_1996	middle_1996	last_1996
1997	first_1997	middle_1997	last_1997
1998	first_1998	middle_1998	last_1998
1999	first_1999	middle_1999	last_1999
2000	first_2000	middle_2000	last_2000
\.


--
-- Name: user_id_seq; Type: SEQUENCE SET; Schema: public; Owner: jk
--

SELECT pg_catalog.setval('user_id_seq', 2000, true);


--
-- Data for Name: user_task; Type: TABLE DATA; Schema: public; Owner: jk
--

COPY user_task (user_id, task_id) FROM stdin;
363	420
108	673
562	814
144	682
923	119
842	605
308	838
160	287
814	835
721	849
613	18
282	745
632	839
208	217
332	760
206	694
180	314
367	741
127	511
422	49
629	264
653	937
102	813
224	915
648	944
763	261
962	45
6	593
884	213
809	215
972	15
909	151
328	275
891	455
785	313
504	414
577	157
350	678
970	573
592	617
517	355
878	478
399	883
71	283
95	880
497	67
894	406
218	222
680	108
676	465
421	180
878	997
336	228
675	305
801	266
922	318
621	799
795	19
682	866
302	777
745	799
843	639
204	60
860	883
168	536
348	589
716	226
586	51
453	260
356	254
526	278
571	146
77	366
165	758
231	466
534	976
264	377
614	468
437	474
350	605
10	698
194	725
923	779
776	375
39	132
629	564
409	199
710	485
565	875
243	796
341	777
771	605
153	385
72	590
858	421
194	868
118	387
592	41
166	368
416	204
499	44
768	907
243	478
392	807
352	634
602	692
410	373
296	562
757	367
152	615
788	346
482	906
733	74
946	898
441	361
102	940
404	869
846	647
346	237
454	697
870	56
389	280
428	684
841	184
51	993
798	838
338	279
743	70
353	689
967	793
49	69
733	453
937	578
99	283
815	553
980	685
608	368
964	35
52	805
218	102
797	16
939	135
295	682
204	647
370	171
440	418
239	172
871	176
750	970
458	565
522	438
250	129
805	213
163	856
18	381
958	815
397	896
949	691
578	152
338	947
323	778
365	562
950	235
737	700
204	195
264	725
632	513
854	437
726	16
292	743
397	249
557	793
145	506
484	722
658	822
669	980
599	33
541	549
268	278
248	472
472	511
197	104
24	50
540	749
66	832
492	462
81	49
255	225
554	739
947	212
560	616
191	159
649	732
707	916
10	954
387	482
465	584
585	488
633	125
237	698
956	729
160	36
778	414
261	332
153	208
543	712
823	734
870	471
465	577
387	474
530	774
955	995
357	540
483	989
664	720
687	620
449	846
655	226
260	916
557	412
124	100
124	946
833	994
417	297
570	804
771	100
577	726
94	933
266	577
921	929
296	608
548	744
454	203
970	713
119	526
125	242
626	249
188	458
242	604
755	811
407	525
911	984
251	5
916	516
581	837
445	877
444	992
620	897
195	589
610	313
115	735
554	741
983	741
198	224
345	952
35	752
477	946
735	728
950	650
243	531
486	687
407	930
679	27
827	873
615	436
185	730
171	739
470	153
479	668
377	823
620	412
574	96
357	308
823	307
958	66
837	444
753	243
373	431
269	199
303	884
635	488
614	805
226	84
958	705
751	334
527	371
745	101
466	102
408	289
408	365
355	244
808	107
487	181
537	756
380	840
640	15
328	254
819	553
337	776
257	88
110	784
458	855
884	924
956	292
213	363
657	567
607	465
673	93
645	210
849	25
49	488
39	376
741	857
929	78
633	186
166	743
969	624
597	853
548	552
144	760
914	800
326	520
265	999
613	909
208	461
934	257
949	972
632	690
829	561
768	462
746	933
204	715
557	800
567	104
351	711
863	265
510	189
785	774
188	398
683	395
859	616
651	807
588	283
497	416
844	264
877	589
197	80
304	754
880	870
857	231
580	720
495	90
908	280
864	96
677	547
490	535
163	141
341	750
424	838
165	267
102	42
856	299
122	160
52	1
29	908
231	609
628	726
698	536
5	562
631	681
108	121
215	270
261	556
19	685
394	184
952	495
225	808
793	347
967	844
347	995
752	578
604	379
303	302
915	308
863	545
988	970
665	203
240	926
759	258
610	152
442	561
646	667
369	439
13	335
282	360
330	34
937	933
413	240
234	327
548	97
871	535
66	536
738	306
461	496
564	71
648	5
632	293
671	1000
731	684
334	13
43	663
47	980
596	459
220	829
786	767
925	656
302	991
192	40
296	652
535	859
723	182
864	354
475	535
353	206
218	687
218	260
350	265
240	945
723	459
774	508
226	699
164	528
689	355
567	985
7	101
844	729
283	707
82	757
242	435
963	459
121	181
719	470
445	958
415	167
417	188
675	643
886	839
170	575
194	736
560	200
837	403
929	119
110	11
876	351
445	838
810	566
18	528
36	462
486	451
629	902
638	303
545	524
142	714
98	335
449	658
534	285
61	463
404	171
473	279
522	918
117	331
484	134
858	519
596	344
969	224
246	607
527	790
130	668
503	228
2	952
885	536
237	946
998	640
116	471
919	637
388	35
968	871
168	826
390	764
169	359
987	414
965	514
203	95
182	706
323	184
657	208
719	894
153	717
533	268
188	451
905	575
485	872
446	653
697	836
416	866
194	403
279	159
916	482
254	97
187	576
280	844
783	999
737	935
716	270
203	903
720	108
478	205
980	924
858	676
759	273
542	953
675	820
111	591
302	365
688	489
940	968
333	722
966	70
657	682
339	860
584	59
967	62
263	946
985	121
622	744
393	163
696	68
983	807
659	284
171	346
772	110
313	104
832	279
173	488
960	512
347	544
570	313
605	833
259	589
953	880
332	346
43	28
413	25
834	71
308	5
417	80
114	729
184	946
8	356
433	967
867	780
510	437
93	114
269	351
703	222
231	34
567	273
61	979
297	895
50	604
899	466
684	13
195	867
958	202
223	390
168	89
170	678
526	262
792	794
612	494
15	842
528	582
114	589
561	411
483	610
15	381
76	698
394	271
564	351
472	786
741	640
875	910
318	400
171	109
194	783
602	209
624	129
790	738
718	350
148	200
960	162
581	36
860	974
306	423
325	777
209	65
417	84
974	734
483	145
842	677
927	444
885	551
573	675
288	290
25	436
490	985
598	70
20	457
44	325
880	368
102	88
432	518
172	406
252	655
550	94
331	476
537	216
26	110
891	314
399	915
749	889
899	346
958	918
802	2
243	682
369	344
769	801
862	940
206	114
595	755
207	925
231	744
140	256
853	31
569	252
945	318
141	844
663	98
761	465
99	4
146	468
347	915
268	209
855	474
322	449
229	529
373	459
272	513
715	125
543	283
377	488
600	517
331	263
615	92
727	714
95	873
182	442
787	450
651	641
923	973
89	151
501	462
610	773
975	324
898	518
607	275
5	207
791	336
469	406
427	196
120	522
68	301
964	854
750	614
495	673
587	583
824	87
45	433
859	19
757	757
537	363
31	541
569	822
877	38
227	303
233	347
825	300
647	788
154	397
402	648
69	988
230	892
75	275
325	934
294	81
690	830
443	720
370	12
541	246
49	768
549	282
114	374
581	761
161	734
157	563
382	225
550	612
117	624
886	441
557	179
521	247
8	964
966	378
975	507
624	23
274	173
305	388
546	885
148	707
619	304
269	1000
529	819
611	645
443	497
85	1000
676	606
246	683
569	212
61	543
718	685
566	992
857	870
379	403
755	527
109	374
830	378
373	358
197	984
3	639
481	87
639	156
692	885
839	261
96	900
803	814
584	369
805	441
238	184
843	993
710	952
366	540
330	739
897	526
722	900
165	203
986	803
358	678
687	196
938	783
96	741
596	679
109	401
119	347
585	962
339	294
914	704
834	243
443	731
768	165
630	932
367	615
735	724
293	421
920	231
203	15
971	799
694	80
199	813
426	783
775	765
77	688
469	910
930	911
640	698
75	270
630	441
885	365
165	177
785	85
408	988
99	378
786	793
457	985
605	883
768	379
647	844
67	115
754	996
25	394
694	99
663	324
540	547
688	704
724	473
788	131
461	887
509	247
679	965
231	284
847	998
662	494
842	729
608	596
725	633
989	418
732	652
742	271
199	430
975	923
903	763
53	363
649	562
609	328
526	840
612	373
837	274
866	679
2	474
274	726
106	262
144	838
914	885
108	112
314	83
34	216
845	87
579	494
648	187
821	174
26	433
547	863
706	413
541	707
886	815
432	992
77	575
829	990
459	937
102	773
19	135
989	864
222	567
357	869
754	178
43	780
610	589
642	315
1	183
21	886
998	452
878	74
27	706
64	486
643	165
259	661
300	247
524	521
814	880
390	568
58	432
347	667
21	989
981	21
172	2
907	169
454	784
243	480
490	306
965	132
470	223
792	770
470	316
291	284
196	680
851	253
112	198
919	132
186	900
152	358
901	58
527	354
842	769
833	331
74	798
462	544
21	254
314	490
569	604
774	764
283	624
16	395
821	935
526	7
834	678
364	734
736	890
88	577
659	921
908	732
718	369
276	739
623	590
229	191
193	2
955	476
625	971
870	446
905	396
452	739
73	816
473	809
705	560
385	363
481	292
95	199
661	371
937	283
960	165
474	152
166	429
628	791
399	497
236	304
893	688
43	966
503	515
774	207
75	158
570	555
450	665
753	111
35	690
394	995
855	868
147	20
296	774
811	695
271	47
998	163
734	41
129	236
555	902
443	630
60	12
185	510
677	938
620	712
627	14
706	481
881	852
501	177
626	312
871	896
358	869
59	91
909	187
327	463
89	769
93	148
781	277
657	457
214	277
168	841
290	874
321	171
725	822
347	351
133	217
246	491
85	305
581	993
492	907
456	580
675	549
728	456
825	384
912	38
660	80
879	950
953	199
120	678
21	467
28	154
684	274
644	768
579	224
761	70
131	217
650	806
765	377
261	590
761	173
628	420
252	506
370	205
705	490
882	725
956	909
878	639
183	522
407	761
745	168
831	876
385	480
681	150
857	941
739	617
114	366
37	366
872	406
570	576
896	452
301	851
361	178
490	543
699	897
303	444
65	133
319	449
613	1000
599	469
941	337
86	54
703	123
419	574
528	989
149	424
441	449
275	801
627	764
344	326
661	647
770	725
780	88
174	392
88	772
861	28
108	947
81	811
69	500
384	597
489	533
20	929
982	294
729	608
58	73
934	718
719	703
443	498
791	616
890	878
387	751
905	495
697	986
305	766
485	689
362	973
222	382
902	203
675	630
811	732
702	744
450	421
447	892
918	238
507	808
115	894
558	20
388	255
5	693
20	490
382	382
463	603
763	364
805	438
994	616
169	695
360	618
116	806
510	33
43	16
841	158
909	399
177	297
654	182
990	674
671	371
55	133
974	818
496	779
255	489
394	424
184	753
42	299
559	551
332	601
566	173
758	475
571	935
772	224
116	761
897	786
132	952
919	106
769	415
884	24
904	277
447	88
30	488
387	588
38	719
189	604
891	947
79	462
881	850
686	996
611	582
782	743
534	700
848	303
114	731
326	18
8	772
105	38
259	491
625	297
209	814
901	100
760	979
561	640
828	246
635	438
828	416
181	362
116	28
664	230
759	989
247	766
760	352
804	19
842	428
316	51
241	216
150	1000
194	711
640	22
957	275
460	784
691	640
145	806
667	809
36	425
797	282
191	557
633	994
576	475
422	891
526	663
107	675
663	300
386	303
322	342
577	781
126	267
420	271
72	87
79	107
512	876
389	703
432	22
697	7
497	119
898	22
781	4
697	444
303	82
746	625
424	322
405	549
588	825
820	660
911	898
767	423
774	156
125	205
177	822
211	673
940	108
694	721
112	390
164	414
472	909
38	895
231	443
444	819
267	263
478	178
161	245
601	934
400	726
138	576
547	349
249	486
457	943
206	568
332	370
982	804
279	20
698	509
462	141
327	729
403	805
907	563
50	507
497	449
232	634
25	778
983	273
264	440
215	470
7	547
839	989
350	117
8	47
626	470
188	953
199	590
757	105
153	807
611	649
255	843
283	279
621	266
552	884
705	766
353	712
312	192
700	662
308	707
708	933
177	895
885	375
485	642
479	638
448	90
287	702
933	569
981	553
835	532
437	539
298	790
250	609
981	950
271	288
657	978
221	833
873	106
207	358
747	686
995	195
776	281
897	708
850	877
261	684
409	698
223	706
487	473
315	467
422	585
755	78
562	976
910	435
81	117
792	828
803	787
22	579
67	918
287	917
795	547
600	203
244	823
908	731
295	222
198	716
806	952
794	368
928	703
803	8
820	595
835	623
381	856
201	448
774	488
364	568
34	963
770	278
786	678
9	80
899	206
796	705
158	589
72	85
292	875
93	111
469	927
734	849
783	934
296	557
421	659
124	455
622	894
733	407
571	742
487	469
947	282
174	105
870	246
189	161
120	282
272	588
209	5
436	992
939	732
548	360
390	671
815	12
565	548
419	135
289	905
604	236
186	777
340	55
22	529
216	142
810	488
729	18
492	164
9	431
896	556
791	285
227	605
297	792
153	715
926	441
619	530
677	805
307	16
860	328
545	75
470	354
562	198
372	54
362	380
485	257
936	275
542	163
879	838
954	32
553	880
473	172
409	149
976	715
165	836
43	709
911	512
62	472
709	434
526	71
814	10
327	749
284	869
912	163
706	866
195	259
745	667
430	154
815	406
868	979
241	911
687	151
422	749
623	131
182	149
202	995
159	528
744	443
396	656
606	102
521	800
361	265
466	790
418	280
196	286
259	437
196	946
588	618
695	211
749	876
359	950
871	517
478	615
959	874
270	565
975	790
364	336
55	829
126	473
109	321
759	367
758	954
313	345
572	7
555	321
883	914
270	753
431	748
368	390
621	637
954	596
427	317
931	482
146	56
955	254
377	713
621	134
667	933
479	239
940	34
559	822
947	829
575	377
576	942
767	196
578	720
792	5
37	722
486	182
778	440
436	154
153	56
288	819
989	766
57	928
799	615
750	746
443	324
123	19
265	889
215	842
609	6
847	645
728	333
827	505
772	262
659	925
318	946
744	307
712	800
235	511
415	984
256	858
307	378
876	571
266	91
413	875
96	259
520	823
591	346
327	363
608	986
288	925
932	31
231	643
830	465
153	245
449	408
103	755
786	979
325	52
69	738
926	164
997	445
986	587
791	313
950	398
299	237
322	230
267	553
873	97
18	25
342	466
433	444
221	218
422	546
269	490
283	195
654	279
639	640
866	429
953	816
827	251
52	149
480	319
701	352
416	719
377	757
185	810
200	406
28	622
951	296
112	234
491	765
513	130
404	378
558	357
194	385
607	246
533	87
564	234
439	980
952	816
736	137
625	935
542	652
557	493
948	668
726	438
432	238
567	836
616	125
193	810
509	799
55	41
886	619
275	325
598	226
140	333
363	765
268	905
417	824
398	364
492	123
802	923
361	369
759	977
494	951
787	3
750	841
44	636
459	318
960	57
544	100
390	906
864	658
811	281
482	208
644	973
331	446
896	692
815	654
669	308
605	455
310	355
295	353
990	754
670	950
811	213
49	200
119	913
857	930
193	338
137	837
311	468
282	206
160	96
860	828
404	465
282	713
819	577
66	809
331	736
758	141
949	806
341	68
719	197
997	911
535	134
748	845
602	30
51	761
125	910
588	529
374	870
242	193
446	307
1	776
43	758
917	991
564	257
58	283
454	55
194	988
188	941
833	789
970	883
549	95
793	137
623	167
6	864
359	451
171	360
227	213
118	143
203	682
400	261
964	853
315	157
840	502
97	673
291	67
556	840
161	349
976	783
515	981
647	874
432	817
234	659
30	351
802	233
32	201
493	995
53	807
152	893
309	248
565	600
314	121
439	475
469	415
258	983
395	904
857	827
721	90
485	750
440	287
982	472
487	475
467	539
282	618
431	591
866	996
190	180
116	629
654	585
43	911
567	438
815	424
265	535
513	750
285	953
36	267
424	522
742	891
61	23
508	492
613	373
487	803
552	603
431	206
187	474
116	754
911	931
177	175
465	690
924	750
643	959
17	67
481	758
957	541
780	464
32	393
837	519
195	388
121	625
594	308
99	709
61	9
640	238
184	105
928	108
854	570
67	871
636	547
628	592
87	408
56	119
801	892
637	995
280	757
620	873
64	718
582	125
727	222
363	910
326	290
18	179
860	84
50	495
631	677
87	717
85	143
836	885
35	472
880	314
228	500
187	292
217	769
417	944
990	779
854	315
69	871
494	928
954	543
423	584
220	509
301	305
652	136
190	686
607	70
999	835
569	186
127	786
955	544
729	945
323	582
260	391
453	753
319	406
296	741
990	516
250	291
820	901
426	10
586	33
79	585
868	647
771	995
433	726
538	161
670	860
743	929
251	195
682	570
601	977
310	590
493	560
881	313
461	306
322	46
339	401
631	206
47	402
200	479
127	738
640	796
598	383
725	849
577	406
418	178
383	728
768	875
288	648
188	748
953	509
794	292
909	424
498	956
825	698
435	952
435	75
747	33
457	472
881	34
877	299
211	260
26	979
134	313
626	321
61	579
830	854
870	739
278	367
694	103
65	129
54	499
203	801
531	660
272	412
694	148
710	905
407	735
883	541
48	508
862	108
86	692
961	956
430	238
323	124
340	387
252	394
886	455
194	416
115	465
827	808
613	536
712	19
271	594
560	319
102	421
426	187
112	387
143	542
625	465
665	965
852	917
358	737
372	551
152	486
16	979
293	628
515	4
646	786
598	206
104	699
626	530
886	738
917	29
280	541
493	944
506	345
861	863
81	232
414	233
717	429
212	10
56	726
14	702
512	611
907	616
310	533
145	196
271	62
224	550
603	717
494	108
61	354
971	141
586	385
374	303
813	585
312	869
310	326
570	822
937	477
437	246
9	582
442	279
643	665
829	246
381	322
354	442
675	324
583	261
708	956
563	521
540	874
389	850
200	959
671	136
435	107
382	443
689	823
722	332
487	550
577	868
871	930
309	546
254	892
806	962
847	368
482	386
242	871
235	441
829	905
576	263
12	957
705	701
779	426
32	266
975	609
134	846
539	443
391	792
334	196
754	180
564	235
565	805
105	800
245	934
705	821
196	717
778	900
417	556
326	449
822	301
57	955
147	596
397	537
388	731
733	141
910	296
376	475
100	480
274	345
413	979
166	609
695	943
509	112
499	834
560	320
135	617
275	281
212	672
818	599
402	550
740	311
845	115
786	945
595	60
290	8
38	455
616	732
397	124
843	895
958	403
215	92
19	489
373	231
161	190
830	562
740	569
873	585
683	658
530	277
717	819
284	755
273	899
486	670
23	329
565	980
731	779
72	750
268	444
980	428
634	810
989	374
378	861
958	61
519	487
338	236
306	621
990	579
520	476
248	543
804	812
522	535
591	593
284	858
37	264
285	671
74	274
\.


--
-- Name: status_pkey; Type: CONSTRAINT; Schema: public; Owner: jk
--

ALTER TABLE ONLY status
    ADD CONSTRAINT status_pkey PRIMARY KEY (id);


--
-- Name: task_pkey; Type: CONSTRAINT; Schema: public; Owner: jk
--

ALTER TABLE ONLY task
    ADD CONSTRAINT task_pkey PRIMARY KEY (id);


--
-- Name: user_pkey; Type: CONSTRAINT; Schema: public; Owner: jk
--

ALTER TABLE ONLY "user"
    ADD CONSTRAINT user_pkey PRIMARY KEY (id);


--
-- Name: task_director_id_fkey; Type: FK CONSTRAINT; Schema: public; Owner: jk
--

ALTER TABLE ONLY task
    ADD CONSTRAINT task_director_id_fkey FOREIGN KEY (director_id) REFERENCES "user"(id);


--
-- Name: task_status_id_fkey; Type: FK CONSTRAINT; Schema: public; Owner: jk
--

ALTER TABLE ONLY task
    ADD CONSTRAINT task_status_id_fkey FOREIGN KEY (status_id) REFERENCES status(id);


--
-- Name: user_task_user_id_fkey; Type: FK CONSTRAINT; Schema: public; Owner: jk
--

ALTER TABLE ONLY user_task
    ADD CONSTRAINT user_task_user_id_fkey FOREIGN KEY (user_id) REFERENCES "user"(id);


--
-- Name: public; Type: ACL; Schema: -; Owner: postgres
--

REVOKE ALL ON SCHEMA public FROM PUBLIC;
REVOKE ALL ON SCHEMA public FROM postgres;
GRANT ALL ON SCHEMA public TO postgres;
GRANT ALL ON SCHEMA public TO PUBLIC;


--
-- PostgreSQL database dump complete
--

